postcode,loneliness_zscore,ranked,deciles
AB101NW,-2.5985751360382427,110.0,1
AB101QB,8.796149376491078,729.0,9
AB101UT,1.7619276175172867,587.0,8
AB101YE,0.3663299056961352,454.0,6
AB107QQ,-1.8698761921778642,169.0,2
AB117XH,3.2978430996675296,650.0,8
AB118ER,1.1793913046372249,538.0,7
AB124QP,-2.2575119653796096,135.0,1
AB125NA,-2.4992969943116465,117.0,1
AB140RP,-1.6003983741110999,198.0,2
AB154ZT,0.8965137575837943,511.0,6
AB157YT,-0.40117488124200795,357.0,4
AB158TB,-4.9862377294476605,10.0,0
AB159EP,-4.244298929280435,24.0,0
AB159LQ,5.855276924429443,705.0,9
AB217NQ,2.9415696186226565,638.0,8
AB219AN,-0.5490841716661563,337.0,4
AB219DG,-4.5475995347609945,14.0,0
AB228LD,1.2778137786337886,548.0,7
AB228ZP,0.8823106314457476,508.0,6
AB242AS,1.0511783808824313,530.0,7
AB243NG,6.858838274642745,717.0,9
AB245AU,0.48752040292839954,468.0,6
AB245HT,20.595723875143776,733.0,9
AB245RS,-1.235728670634677,246.0,3
AB251QB,2.1285141225537823,611.0,8
AB252AY,-0.28068171837256006,374.0,5
AB252XE,2.1708256345563917,613.0,8
AB253TX,0.3730894420606386,455.0,6
AB301GX,-0.37032629675727236,361.0,4
AB301XU,0.9286279887599287,514.0,7
AB314JQ,1.551730099164312,572.0,7
AB315XS,-0.6839793161114984,313.0,4
AB326FG,1.1705796271508337,537.0,7
AB338FL,-2.1936864684042185,138.0,1
AB345HQ,-2.3781942529151943,124.0,1
AB355NN,0.49886664011491993,470.0,6
AB355WR,0.8200709564913993,505.0,6
AB368XB,2.817972771509302,635.0,8
AB379AN,0.6822800731070531,494.0,6
AB389PR,0.07670149016281175,421.0,5
AB392EL,0.19601969353579174,434.0,5
AB417NX,3.3800403462568243,656.0,8
AB419AH,0.7256138238994978,500.0,6
AB420QQ,2.319782515098914,616.0,8
AB422XA,-0.5964254938310679,328.0,4
AB425GP,3.361045652733513,653.0,8
AB436NE,4.7783659769185345,689.0,9
AB438QJ,8.050412565545233,726.0,9
AB439JW,-2.688860399007636,103.0,1
AB439NH,-3.7948793532482754,40.0,0
AB451JD,0.22658997473403808,437.0,5
AB452GB,1.92063725007247,601.0,8
AB510JZ,-0.3191102018332501,367.0,4
AB513UL,-1.4683398910201086,216.0,2
AB515NB,-4.339296400709008,18.0,0
AB526JJ,1.4134107797926585,559.0,7
AB534DQ,-1.2277319316590543,247.0,3
AB548EX,-1.8491214660746946,171.0,2
AB554FJ,0.007849559411735152,409.0,5
AB555DJ,0.723457202010056,499.0,6
AB561FP,0.714950351118682,498.0,6
AB561JE,-0.9614533322061252,284.0,3
DD100RU,-0.02801113024297569,404.0,5
DD108TY,-0.4697015881460075,345.0,4
DD111AD,1.491175476327921,564.0,7
DD111EN,-3.298567617879156,61.0,0
DD111ES,-0.7748396504832753,309.0,4
DD114TX,6.649569192957205,716.0,9
DD11PB,1.5074516102938675,566.0,7
DD11PF,-0.9070686831250308,289.0,3
DD14JH,0.6541789919037402,489.0,6
DD15LA,3.1204512630011507,643.0,8
DD22HZ,-1.5944746107706589,199.0,2
DD23BR,-1.9826909038399396,159.0,2
DD24AD,-1.099443379049166,263.0,3
DD25AD,-1.9226379448241966,163.0,2
DD25NH,-1.9249015229567092,162.0,2
DD36NF,-2.335488173430845,128.0,1
DD38DB,0.4393951389644955,466.0,6
DD38NE,-2.1537812800058127,142.0,1
DD40HJ,-0.917154534061385,287.0,3
DD46DG,-0.8988894409986193,291.0,3
DD46EL,-2.322056455180224,129.0,1
DD46PP,-1.4363504452294542,224.0,3
DD46QY,-0.36462792315113624,363.0,4
DD46RB,-2.242435494415965,137.0,1
DD46SW,0.5489833446757202,478.0,6
DD47AA,-0.8562966766060228,298.0,4
DD51DU,2.0381557820380607,605.0,8
DD51EP,0.90703493910727,512.0,6
DD54LX,-1.7340184576997109,184.0,2
DD68DJ,-1.1518282720862123,258.0,3
DD77RB,-0.5945035272159722,329.0,4
DD82AE,2.9439333330674193,639.0,8
DD82AS,0.07447797535976321,419.0,5
DD82HA,0.23583894757830876,438.0,5
DD84ES,0.3763312291481873,456.0,6
DD97AN,3.2529065936953376,649.0,8
DD97TA,-0.14550531254459573,392.0,5
DG109JP,-0.6483902847798235,319.0,4
DG111NH,-2.76165821772855,94.0,1
DG112BJ,1.492934825928292,565.0,7
DG113BT,-1.5153574631133468,210.0,2
DG11DL,-2.592008992694965,111.0,1
DG11TR,1.1038308018245835,534.0,7
DG126GN,-3.8316289828513246,34.0,0
DG126GS,-2.140163000353358,144.0,1
DG12PX,-5.10771079632525,8.0,0
DG130JY,1.48447877837554,562.0,7
DG140UX,5.717024909803065,703.0,9
DG14EJ,-2.0108403312010292,156.0,2
DG165NA,5.813408561942339,704.0,9
DG20UJ,0.3657714881762388,452.0,6
DG28BY,-0.1531064624041889,391.0,5
DG29BH,-1.499940178515594,212.0,2
DG35AA,-1.0921252118148512,267.0,3
DG46BT,-0.24113256942717062,381.0,5
DG54AZ,-3.0600261324134497,74.0,0
DG64BJ,-1.4807847114992858,215.0,2
DG73EE,1.2736618582473966,547.0,7
DG73RN,0.20200056946611758,435.0,5
DG80PU,0.8781659696994303,507.0,6
DG86NR,1.7424824851462026,586.0,7
DG88PS,1.2687514362781902,546.0,7
DG97DW,-1.3528240985445832,234.0,3
DG99DP,2.9804474709855837,640.0,8
DG99QQ,0.1137383411060835,425.0,5
EH104EY,0.7828505395578764,504.0,6
EH104RP,3.1710843198340246,646.0,8
EH105ER,4.064013196883209,677.0,9
EH106QT,2.897621170221365,637.0,8
EH112JL,0.35553977811390886,450.0,6
EH113RA,0.2597553969141797,442.0,6
EH114AU,-1.6635387754915867,189.0,2
EH11NA,12.199127064691828,732.0,9
EH125QX,-0.3723699403813902,360.0,4
EH125SS,0.25328708182031723,441.0,6
EH127TB,2.0987609978778496,610.0,8
EH127UN,1.199515009570446,539.0,7
EH128XP,-0.5826644203970115,331.0,4
EH130LB,2.2931114617069612,614.0,8
EH139AF,3.5819587188312267,662.0,9
EH141NQ,0.529964228047016,476.0,6
EH143JF,-0.34684250538220707,364.0,4
EH144AS,-2.1440842449924604,143.0,1
EH145QB,1.7234882031720233,582.0,7
EH151NY,0.7265080481056105,501.0,6
EH153LL,4.873947771765004,691.0,9
EH164DT,-1.9144855097428575,165.0,2
EH165HQ,0.18024060136393638,430.0,5
EH165QU,-0.6095783446891523,323.0,4
EH165TY,0.7101734633735188,497.0,6
EH166JT,0.6256339445980665,485.0,6
EH166RN,-0.9029964478217609,290.0,3
EH177AB,1.7722336325475614,589.0,8
EH177PR,-0.5261430258940882,339.0,4
EH192ET,-1.2644866595576427,243.0,3
EH209LA,-1.4107955030417414,227.0,3
EH217BP,1.2449088603308318,542.0,7
EH221AP,1.5687956898791833,573.0,7
EH221LX,-2.6342729462933403,106.0,1
EH224AA,-1.3323939995357152,236.0,3
EH234TP,-0.9754173788147973,282.0,3
EH259NT,1.6456662789738246,579.0,7
EH268EZ,2.790970280527604,634.0,8
EH268LF,2.76583232920341,633.0,8
EH288RH,-2.9550536813092196,81.0,1
EH299AS,-2.778655394199255,92.0,1
EH309HA,0.3215226038900051,448.0,6
EH312HP,1.6160661752161651,576.0,7
EH320JU,3.8837432858007044,668.0,9
EH329QS,-2.7763948182184945,93.0,1
EH332JX,1.3427718839291707,553.0,7
EH355AB,1.4530203748613353,561.0,7
EH35EU,3.2361266448238704,648.0,8
EH36EH,1.2648968624436279,545.0,7
EH375PP,0.13520363619767273,426.0,5
EH37EB,3.3332654833296065,652.0,8
EH394PU,2.0786227221026445,609.0,8
EH39HW,3.941238077860955,671.0,9
EH39QQ,-0.028746857091454858,403.0,5
EH403DP,4.039040394130722,673.0,9
EH413NF,0.8881581188268773,509.0,6
EH421EE,-0.4546474433784203,347.0,4
EH43TH,0.6675353080506895,492.0,6
EH446QE,0.7819719091883494,503.0,6
EH44PL,-2.6215894330840874,107.0,1
EH458JG,1.733140590745874,583.0,7
EH45BP,-1.4159904698795478,226.0,3
EH467EX,5.168396914161579,698.0,9
EH46NS,2.4875031621603116,621.0,8
EH470SD,-1.360683821913499,233.0,3
EH477LL,-0.2763943605340866,375.0,5
EH479JD,0.675740633228394,493.0,6
EH47NX,-2.5591905475777748,113.0,1
EH482SS,0.9468198134550146,516.0,7
EH483QB,-3.57636067340073,49.0,0
EH483SS,0.5633911276638628,479.0,6
EH497ER,1.521536942914297,568.0,7
EH510DQ,0.06569456041441735,418.0,5
EH519UE,-1.743020685481464,183.0,2
EH525LH,-0.4250299984260022,352.0,4
EH52LY,-2.576561625216416,112.0,1
EH530EW,-0.17158615025179558,389.0,5
EH53AH,-1.5430569398333707,205.0,2
EH53EL,0.08530052871505642,423.0,5
EH545DY,-3.557773384667679,50.0,0
EH546QQ,-0.8527373549448863,299.0,4
EH546TP,-3.8027973135747914,37.0,0
EH548PY,-0.6513220029508883,317.0,4
EH549JZ,2.530096706164014,624.0,8
EH558EJ,-1.131236224040439,260.0,3
EH64EG,1.9899872694754115,604.0,8
EH64NY,-2.694928852316225,101.0,1
EH65JA,0.5202394487513708,475.0,6
EH66TL,-0.9800081785589465,281.0,3
EH68BW,1.6669598555044323,580.0,7
EH68HQ,3.9017238822737053,669.0,9
EH74AT,0.08472161072836881,422.0,5
EH75EG,0.04219067538001431,415.0,5
EH76RU,0.9269189978757808,513.0,6
EH76UJ,2.050123073606958,607.0,8
EH87RX,1.8644678669573849,596.0,8
EH89AL,-0.3018699337349089,372.0,5
EH89DX,1.2780413175609882,549.0,7
EH89RU,-0.1080298388782015,396.0,5
EH91AG,1.969953643146703,603.0,8
EH91JA,4.760290129238208,687.0,9
EH91JZ,0.9894315415210437,521.0,7
FK103JQ,-2.5148593281694245,115.0,1
FK104JA,-0.8726726133408909,296.0,4
FK11BA,-1.1570968080285926,256.0,3
FK125BD,0.26181592005323395,443.0,6
FK136AG,-0.759227706173717,311.0,4
FK13EZ,-3.667583205106375,43.0,0
FK147AA,-1.8069436047036658,175.0,2
FK14PP,1.5141107898479715,567.0,7
FK159AL,2.6766869798413095,630.0,8
FK15SU,-1.1820313862352188,253.0,3
FK166DU,1.8800151478102787,597.0,8
FK178LX,2.4741251428749456,620.0,8
FK20XF,-0.20743617084119892,385.0,5
FK218TQ,0.9999888251512103,522.0,7
FK27AZ,-1.592119711858811,201.0,2
FK27ES,-1.660984371753365,191.0,2
FK27HR,0.17040135004544193,429.0,5
FK27TA,-4.1112232261323545,27.0,0
FK38AN,0.9293971573510992,515.0,7
FK41ED,-0.6597580831551582,316.0,4
FK53BB,-0.12789566218324044,393.0,5
FK54HT,-2.9115549605258493,83.0,1
FK66DB,-0.10948615772026593,394.0,5
FK66GD,-1.3064269805511484,239.0,3
FK70HW,1.035012937759849,525.0,7
FK77JD,-0.31045804352085193,368.0,5
FK78DW,0.5636649048036378,480.0,6
FK81PH,-2.0773510135356137,151.0,2
FK82AU,0.5055053925028912,472.0,6
FK82QD,1.1435529025986984,536.0,7
FK83DZ,2.4934053127745566,623.0,8
FK83NB,1.2921216952422667,550.0,7
FK94EU,5.874013151718897,706.0,9
FK94NJ,-3.8055567282530007,36.0,0
FK94SW,-5.832023330129234,6.0,0
G115LL,2.4886772587441626,622.0,8
G115NG,0.30646596160611744,447.0,6
G115PE,-3.426050715811929,57.0,0
G117AD,-1.4558569426098258,220.0,2
G117SY,-0.17274850027686586,388.0,5
G128ED,0.5037312551232525,471.0,6
G128ND,0.5835987549540754,482.0,6
G128SP,-0.8376089222804296,301.0,4
G129JE,1.3786609729412644,557.0,7
G129LD,0.15795318723823404,428.0,5
G129PN,-0.5566120700875379,336.0,4
G131JE,-3.196315542829917,68.0,0
G132SW,-3.222115638890156,65.0,0
G132UP,-0.40497854003221895,356.0,4
G134PU,0.5738663438663149,481.0,6
G140EA,1.113350151943119,535.0,7
G140NT,-4.429099748648794,16.0,0
G140XT,-0.5594632609038133,335.0,4
G149DR,0.38662600858125695,459.0,6
G149PS,-0.2583732260972534,380.0,5
G149SS,-1.1131020236992655,262.0,3
G149UT,-1.5225543846512593,209.0,2
G149UU,9.010027899009916,730.0,9
G149XL,-1.3159507527879801,237.0,3
G156EG,-2.8273167930138006,87.0,1
G157TS,-1.8178417783791203,174.0,2
G206HS,-3.4594874345188535,55.0,0
G207ER,-0.6366079518571088,321.0,4
G208FB,-3.7037873869452,42.0,0
G211TR,-2.86461016689208,85.0,1
G213RW,-3.39788052272219,58.0,0
G214AH,-2.8051309134445717,89.0,1
G225AP,-1.9454965952301762,161.0,2
G225SS,-3.837180542790407,33.0,0
G226BD,0.18922845429286506,432.0,5
G227JL,-3.666099754201629,45.0,0
G311QS,-0.10820688180829141,395.0,5
G312ES,-3.1627634553087165,72.0,0
G312XE,-2.6700574793098095,104.0,1
G313BP,1.4288765063696927,560.0,7
G314UW,-1.780292736253645,179.0,2
G315BA,-2.345028780018664,126.0,1
G315RA,0.08719085392204251,424.0,5
G326JP,-0.8188075986922637,303.0,4
G326NB,-1.8504184353808895,170.0,2
G327JZ,-2.290558691922098,132.0,1
G328UH,-3.6142343949658375,47.0,0
G331EY,-2.695025735081884,100.0,1
G333AL,-5.906638645649853,5.0,0
G333TU,-2.40319094028853,123.0,1
G336EY,-1.2438817470168742,245.0,3
G336HA,-2.653767303793708,105.0,1
G349HQ,-3.4456708047345006,56.0,0
G37UA,-0.42506861342109237,351.0,4
G38ND,-2.2780552116792987,133.0,1
G401HA,-4.686649760564013,12.0,0
G402DA,-0.4486067932540051,349.0,4
G403LJ,1.4050561448587815,558.0,7
G40UP,-7.20910889448642,3.0,0
G411HU,-3.4772558157124966,53.0,0
G411NX,3.179863070995471,647.0,8
G413PT,-1.6157116533795022,196.0,2
G413RG,-4.131839174250144,25.0,0
G413UJ,-0.66979188559425,315.0,4
G413YA,0.4238362234707247,464.0,6
G413YT,-1.922378348949731,164.0,2
G415RU,0.39526470065023916,461.0,6
G420EH,-4.667458535122471,13.0,0
G427AF,-2.8216679225947354,88.0,1
G427DR,-2.518810703240054,114.0,1
G428QD,-0.8081082333597609,304.0,4
G429JT,-1.0881992723156686,268.0,3
G429LQ,-2.021965037736325,155.0,2
G431RR,-0.5878414236853515,330.0,4
G443DH,-2.7034970833651,99.0,1
G444JE,-1.159690247269081,255.0,3
G445DQ,-0.599466036880419,327.0,4
G445JT,-3.0033903660847896,79.0,1
G459AW,-4.53553919059419,15.0,0
G468DH,-0.6491984570982046,318.0,4
G468NY,-2.7121108787724806,98.0,1
G49BL,0.037466820518258365,413.0,5
G511AT,-1.5871215742258384,202.0,2
G511HS,-0.014717860388971549,407.0,5
G511RN,1.8185272146717963,591.0,8
G511SL,-2.734495327670147,96.0,1
G514BJ,-3.1956180224755615,69.0,0
G522AZ,-1.539094992474321,206.0,2
G523QN,-3.79500752023273,39.0,0
G523SS,-1.0757667384833627,270.0,3
G535QD,-1.4672568546719469,217.0,2
G536EQ,-3.196850084223893,67.0,0
G537FY,-4.728011033137646,11.0,0
G59AB,-1.6639488667663536,188.0,2
G59RP,-1.268007862705354,242.0,3
G605JG,-0.576995086300617,333.0,4
G612DN,1.2582733412289828,544.0,7
G612SY,0.4002118346967957,462.0,6
G613RD,1.2546962347840185,543.0,7
G626BT,-1.6628062202707186,190.0,2
G628BT,-1.4989486017440214,213.0,2
G630DP,0.04151481121722278,414.0,5
G630TS,-1.0934869972555092,266.0,3
G639EG,0.6937546011004879,495.0,6
G639NA,-1.2131267656514182,250.0,3
G641NF,-2.939610555320543,82.0,1
G641PJ,-0.8764544676024557,293.0,3
G642AA,5.991434849392013,707.0,9
G659JE,0.016205900079586222,412.0,5
G661DH,-4.251315696714216,23.0,0
G661DN,-0.46956048003911965,346.0,4
G661JB,-1.831456544126723,173.0,2
G661NH,-0.6742788608496739,314.0,4
G663BF,-0.7616340998366924,310.0,4
G667JJ,-1.5321797973615423,208.0,2
G671BJ,-3.0232874879151344,78.0,1
G671BP,-0.29707397761117377,373.0,5
G672ES,-3.2642409611807492,64.0,0
G673BE,0.8961590388734813,510.0,6
G674DN,-1.4231772530625908,225.0,3
G697AD,-1.2170991376882676,249.0,3
G699DW,-0.5757289085479373,334.0,4
G715RR,0.6385623281500536,487.0,6
G715SU,0.2143645055306514,436.0,5
G717NE,-1.4651473411276446,219.0,2
G718ET,0.4959911740118715,469.0,6
G720BS,-0.26025095810816357,379.0,5
G727EX,2.6179521038515987,626.0,8
G728AT,-5.071079808049187,9.0,0
G728HA,-1.7913957814445327,177.0,2
G728RW,-0.48807156937960033,343.0,4
G732LD,-7.0982512382497145,4.0,0
G732PQ,-0.8383071585600059,300.0,4
G741AD,-1.0687109620060813,271.0,3
G743BE,-0.10254741058642591,398.0,5
G750RT,-1.9839851284042567,158.0,2
G767BU,4.051784816627462,676.0,9
G767BX,-0.8268023275108874,302.0,4
G767HN,0.9589544508814696,518.0,7
G767NW,-0.7333261117048335,312.0,4
G775BQ,-1.4478257730029256,223.0,3
G775LU,-3.471711108190189,54.0,0
G776GR,0.242714535854629,440.0,5
G781SW,-2.782700044709924,91.0,1
G783HJ,0.38656427704190754,458.0,6
G812TQ,-1.8766489760696934,168.0,2
G821PW,-0.41100304707758945,354.0,4
G830NB,1.6069542153218346,575.0,7
G830UA,-3.941845277464028,29.0,0
G830UE,-0.21570528760011926,384.0,5
G837AE,3.660939536582617,664.0,9
G840JL,0.5385886424921716,477.0,6
G840SL,1.7687706078110355,588.0,8
G847QL,-1.6927211252756098,187.0,2
HS12PS,0.07451690509058234,420.0,5
HS12XB,-0.43983954771332495,350.0,4
HS29JP,2.3063611048224506,615.0,8
HS33BG,3.120782850109919,644.0,8
HS53UA,3.3697586841283402,654.0,8
HS65AE,0.5987963974997619,483.0,6
HS75QA,-1.2048004386418751,252.0,3
HS85SS,3.863942715356296,667.0,9
HS95XD,0.9804778079360821,520.0,7
IV108SY,-2.1122401103634045,149.0,2
IV118YF,1.042145948849907,528.0,7
IV125EE,-0.9253617133414327,286.0,3
IV149AG,-1.5052445589419934,211.0,2
IV159QS,-2.6050014158800248,109.0,1
IV170UN,-2.4893742665855463,119.0,1
IV191EU,-1.1477741982904663,259.0,3
IV222EZ,4.050983637627397,674.0,9
IV222HU,1.8895414053163915,598.0,8
IV23BG,-1.383151200910973,230.0,3
IV23NF,-0.15783439096111018,390.0,5
IV23PF,-8.036742056883146,2.0,0
IV243EP,4.884721314991083,692.0,9
IV24AG,0.39050784670945904,460.0,6
IV24TP,-1.9107149516690511,166.0,2
IV24XA,0.06291131421827245,417.0,5
IV253LS,5.146561667804464,697.0,9
IV262XL,-2.1610431153581318,140.0,1
IV26YB,3.600476061903142,663.0,9
IV274DD,7.215436058546441,720.0,9
IV274JZ,0.4501317807988845,467.0,6
IV274RP,4.480071814230397,683.0,9
IV274XB,4.661207779147512,685.0,9
IV27LL,-2.2938478975160397,131.0,1
IV301AT,0.36603879636159337,453.0,6
IV306GQ,-2.133648153278533,145.0,1
IV316TU,-0.9087200420023596,288.0,3
IV327EP,4.75522213289176,686.0,9
IV35PW,-2.90554440757239,84.0,1
IV361JG,0.2986859590809763,446.0,6
IV38HH,-1.4889275537389588,214.0,2
IV38PB,-3.0367307164243775,77.0,1
IV408AE,-2.131727852788598,146.0,1
IV408JD,3.4766462213814315,658.0,8
IV478ST,2.757968773302877,632.0,8
IV47DJ,-2.0387607990279446,154.0,2
IV47EA,-0.3371310034154865,365.0,4
IV499AA,3.465963650236,657.0,8
IV519BZ,-2.618186671090353,108.0,1
IV548LS,-1.4542197078840529,221.0,3
IV548YD,1.304242225667176,551.0,7
IV558GU,-3.1831835162541595,71.0,0
IV636UL,-2.715034754437143,97.0,1
IV88NG,-2.12149129788442,147.0,1
KA106BQ,-0.22337666984598492,383.0,5
KA106QR,-0.3781533549438094,359.0,4
KA111JU,-1.6307198797898224,194.0,2
KA11RU,4.344037094428166,681.0,9
KA120AY,-1.3625815539322137,232.0,3
KA128TJ,-0.45400578967678784,348.0,4
KA129DY,-3.218498380042804,66.0,0
KA12BD,-1.4657807042006092,218.0,2
KA12DJ,1.642444658430077,577.0,7
KA12DL,-0.004421839031233027,408.0,5
KA136BL,-0.4240285024519996,353.0,4
KA136EH,-0.80448215525937,305.0,4
KA152AE,0.3599002628958791,451.0,6
KA170HD,-2.3546328462759476,125.0,1
KA181BF,-2.1912099480043805,139.0,1
KA182AY,-1.6450598017500135,192.0,2
KA184BA,-3.2865313857167697,62.0,0
KA197BY,0.84226618191098,506.0,6
KA203AB,-1.5436799670856927,204.0,2
KA20LE,0.6673629810995733,491.0,6
KA215LX,-0.6434505727393415,320.0,4
KA227DX,-1.0250988931896778,278.0,3
KA228BS,-0.9918455719106498,280.0,3
KA244AF,1.8512026425215533,594.0,8
KA256HS,-4.129235500351992,26.0,0
KA260NB,0.4199406694717238,463.0,6
KA269HQ,-1.0809953958186789,269.0,3
KA269SH,0.28285263115572135,445.0,6
KA278NS,3.5179608551988966,661.0,9
KA280DE,-1.7270148641382432,186.0,2
KA29HF,4.051738838448425,675.0,9
KA308LH,-1.0363957708209879,276.0,3
KA35BP,-1.7752088668709154,180.0,2
KA37AE,1.714212936032148,581.0,7
KA48HW,0.5129600125920706,473.0,6
KA56RU,-1.7280394541111315,185.0,2
KA66AB,-9.422839906429159,1.0,0
KA67AY,-3.3726666688737543,59.0,0
KA67LX,-2.9705665404051107,80.0,1
KA67QL,-0.021212877509449335,405.0,5
KA71BJ,-1.2922225372567835,241.0,3
KA71UL,-0.8749173074215097,295.0,4
KA71UQ,-4.300528555902626,21.0,0
KA72AQ,-1.6078159919262736,197.0,2
KA72DF,-0.19715754678148517,386.0,5
KA73PR,-5.48289491365675,7.0,0
KA88DD,-2.837273413933237,86.0,1
KA91AQ,-1.551928271523427,203.0,2
KA91AW,-1.7724450586869764,181.0,2
KW106TH,-4.409428726255176,17.0,0
KW147AR,4.925750808594051,693.0,9
KW147DH,5.003081833176833,695.0,9
KW147SA,4.188974461525874,678.0,9
KW148TY,7.4407969718516584,722.0,9
KW151NZ,1.062709310148926,531.0,7
KW15EL,-1.0481208974231475,274.0,3
KW163AD,-3.0571711221186395,75.0,1
KW172HH,6.3575918337558,713.0,9
KW172PU,1.0286572939086098,524.0,7
KW172SN,4.34621150868814,682.0,9
KW36BQ,6.241915989580974,712.0,9
KW66EZ,2.623524719839586,628.0,8
KW96QJ,-2.6928237935888095,102.0,1
KY102LG,0.14596768147823364,427.0,5
KY103FF,-1.3851674153398903,229.0,3
KY111NU,-1.7965186181056356,176.0,2
KY112SE,-1.1227468030201562,261.0,3
KY112ZL,0.631994336118689,486.0,6
KY113BA,2.7331643327713695,631.0,8
KY113ED,-0.10548035043790399,397.0,5
KY114JW,-1.0303704983572064,277.0,3
KY114LT,-1.7588852704601174,182.0,2
KY114TF,-2.42233968381716,122.0,1
KY11ER,1.5454954679524353,571.0,7
KY11PH,-2.491455567956615,118.0,1
KY120AE,-1.6182555671884384,195.0,2
KY120BL,-0.49455608450429395,341.0,4
KY128SJ,2.6205843027609714,627.0,8
KY129QH,-2.34159789903135,127.0,1
KY12NA,-1.153682988864375,257.0,3
KY12PG,-4.289959552445304,22.0,0
KY138FP,2.1413060834453694,612.0,8
KY146DA,-0.40875006311997364,355.0,4
KY147AW,-1.302736653490673,240.0,3
KY154JN,-0.5789620427686751,332.0,4
KY157JS,0.5132109001613442,474.0,6
KY160DZ,0.6629521070081161,490.0,6
KY168AR,-0.8969115558505529,292.0,3
KY25RB,-0.7852238074520981,306.0,4
KY39DF,-1.5923975004378064,200.0,2
KY39RT,-0.031364639746011086,402.0,5
KY40AE,-4.326246498438557,19.0,0
KY48DF,-3.631860835942437,46.0,0
KY49DH,-1.9703614621684913,160.0,2
KY50JE,-2.004912241298651,157.0,2
KY58DA,-1.3120472048378797,238.0,3
KY59QZ,0.010131178290245568,410.0,5
KY61HL,0.054809717431134136,416.0,5
KY63LQ,-3.1838067439873257,70.0,0
KY74AQ,-3.587919087226088,48.0,0
KY74RH,-3.8859099966042034,30.0,0
KY76ER,-0.6073905957046537,324.0,4
KY76SX,-0.07178199473011482,400.0,5
KY81HJ,-3.272427391782688,63.0,0
KY83HR,-0.9688066647961255,283.0,3
KY83RS,-3.3113399675473305,60.0,0
KY85JZ,-3.7741448964184374,41.0,0
ML106AS,-1.6389808545580034,193.0,2
ML110DB,0.2644696759582247,444.0,6
ML110PX,-0.016269862672517454,406.0,5
ML117DH,-1.4534736644438846,222.0,3
ML118AJ,-0.17733592661442277,387.0,5
ML118HJ,2.3475800998406737,618.0,8
ML119SB,1.4895724429964752,563.0,7
ML11TA,-0.5485426794150867,338.0,4
ML11TB,-3.6667139240953857,44.0,0
ML126BE,0.34906009399164306,449.0,6
ML12PJ,-0.7847514707603966,307.0,4
ML13JX,-0.30683000358070633,371.0,5
ML14LT,-0.6032773822506732,325.0,4
ML14TH,1.3629830468582587,554.0,7
ML15AG,-1.1618799118014957,254.0,3
ML15JU,-2.5120387707389007,116.0,1
ML27LP,-2.1557737686969625,141.0,1
ML29AX,-0.30906922511301294,370.0,5
ML30DR,1.0838345857400231,532.0,7
ML30NQ,-2.425039763267767,120.0,1
ML37EN,3.090143267407238,642.0,8
ML37JY,-0.08395910214727659,399.0,5
ML37QQ,-1.0563703224915215,272.0,3
ML38AA,1.0370059785333716,526.0,7
ML39AQ,-2.269316597031576,134.0,1
ML39TZ,0.19380277994469552,433.0,5
ML41DQ,-1.890794526376748,167.0,2
ML41PS,-3.55015016701348,51.0,0
ML41QD,1.368843412341102,556.0,7
ML52RY,1.6435451389671694,578.0,7
ML53AP,-1.5332579513348237,207.0,2
ML53BJ,0.6170246830531962,484.0,6
ML54BY,-0.3999827389441084,358.0,4
ML66DB,-1.0468280774543817,275.0,3
ML68SR,-0.8754966665927292,294.0,4
ML74AR,-4.01722840799424,28.0,0
ML74DS,-4.305206033818506,20.0,0
ML75DS,-2.296684871862356,130.0,1
ML75QE,-1.3328593276282377,235.0,3
ML84BA,-3.5063437499938104,52.0,0
ML91EX,1.8360604355125507,593.0,8
ML91RJ,0.3846992241235895,457.0,6
ML92BJ,0.6987045784032104,496.0,6
PA11SU,-3.798506509142323,38.0,0
PA11UB,-0.8706199088076877,297.0,4
PA124AH,0.23913426905772117,439.0,5
PA12PS,-3.814584677783876,35.0,0
PA134AP,1.7362148482086064,585.0,7
PA134LE,0.18485224037374304,431.0,5
PA13QS,-1.2095296788592784,251.0,3
PA145EW,-0.26794780688417275,377.0,5
PA145UD,-1.404235225873794,228.0,3
PA154DG,-2.8001129745512543,90.0,1
PA154NH,-1.784342373265913,178.0,2
PA168HW,-1.2251769630541518,248.0,3
PA175AR,3.3749848198691996,655.0,8
PA191AQ,-0.3104151149132306,369.0,5
PA209JL,0.43484735945901587,465.0,6
PA212BE,5.010845600385688,696.0,9
PA237HW,1.2054207613474983,540.0,7
PA238BG,-1.3675371061109955,231.0,3
PA238SE,7.2808990512324945,721.0,9
PA248AQ,-1.0945241483013988,265.0,3
PA26LR,-0.4897436531393993,342.0,4
PA26LW,-2.7611227609303532,95.0,1
PA278BX,0.7794565742952277,502.0,6
PA286AT,1.3318418829621395,552.0,7
PA286QG,1.5239466559585875,569.0,7
PA28DX,-1.0056093316521908,279.0,3
PA296TY,-3.0525674178510296,76.0,1
PA296XD,-3.840267533053269,32.0,0
PA318JZ,-0.23657398797148832,382.0,5
PA31NT,2.3436531410632973,617.0,8
PA328XN,2.545625565161428,625.0,8
PA32DY,-0.3666734302850096,362.0,4
PA32HQ,-0.7822173979210407,308.0,4
PA33DB,-1.8367273175306411,172.0,2
PA344HE,-2.2503408316188342,136.0,1
PA344TL,4.031547020265116,672.0,9
PA34AD,-2.1122867796204723,148.0,2
PA371PH,4.309941879558199,680.0,9
PA384DE,6.5065630671132535,715.0,9
PA427DR,3.769169667376711,665.0,9
PA437JD,8.04791625465058,725.0,9
PA487UD,6.027030080957209,709.0,9
PA48RU,-1.051730841587414,273.0,3
PA58EY,-3.8582041439289494,31.0,0
PA58PZ,-1.0962677593616452,264.0,3
PA58SL,-0.4788108228587427,344.0,4
PA58SU,-3.1378860958483505,73.0,0
PA607XG,-2.4233621494676303,121.0,1
PA617YW,11.646757541122595,731.0,9
PA67AR,0.01328956657077629,411.0,5
PA756PN,5.691886226085202,702.0,9
PA75AW,-1.2571247164541128,244.0,3
PA776UN,4.837347683692464,690.0,9
PA786SY,1.9075290418675106,599.0,8
PA805XT,6.948695682748971,719.0,9
PA86BS,2.424631566526195,619.0,8
PA87AF,1.5301481162209134,570.0,7
PA87JQ,-2.077906721541319,150.0,2
PH106BT,1.917643756340522,600.0,8
PH106EF,0.975242387574864,519.0,7
PH118EQ,-0.26303591279978317,378.0,5
PH11NU,1.809117418885217,590.0,8
PH11PP,-0.06758052424071269,401.0,5
PH139DD,1.1006138540294363,533.0,7
PH14NN,1.8291903482439416,592.0,8
PH152BL,3.1246083332939,645.0,8
PH15PD,2.057703017170769,608.0,8
PH165FG,-0.6241536090187987,322.0,4
PH201AH,4.206970224192283,679.0,9
PH20JB,-0.958869050329931,285.0,3
PH211ET,1.7357877928702652,584.0,7
PH221SY,0.6399866180666656,488.0,6
PH263HR,1.010399796514535,523.0,7
PH27TD,6.004196145395531,708.0,9
PH28HH,-0.3322012035026779,366.0,4
PH31JH,2.6394985586974147,629.0,8
PH324DR,3.497028155064744,659.0,8
PH337AQ,-2.040500113530052,153.0,2
PH364JU,5.351833609517718,700.0,9
PH414RN,6.187418181006702,710.0,9
PH424RL,8.138343671466794,728.0,9
PH494JB,6.194435088458642,711.0,9
PH504QU,3.5111280451275175,660.0,9
PH62LW,5.170339112144427,699.0,9
PH73SA,1.0390216942560664,527.0,7
PH80AD,-0.6026580825527992,326.0,4
TD106XJ,3.048275308494116,641.0,8
TD113EL,-2.0637212113060595,152.0,2
TD113XP,1.8607038544868857,595.0,8
TD11PF,5.44855235156831,701.0,9
TD124LQ,1.588758443325793,574.0,7
TD12SQ,4.762581606700023,688.0,9
TD12UA,-0.5071847581207907,340.0,4
TD145DD,3.927207848116204,670.0,9
TD46DW,5.000568957471358,694.0,9
TD57LF,1.0462962015848696,529.0,7
TD60PP,0.9522385593759013,517.0,7
TD74LJ,3.3035843616902962,651.0,8
TD86EN,4.604574506921161,684.0,9
TD90RU,1.3645977503664481,555.0,7
TD99DT,2.041569348597325,606.0,8
TD99HU,1.9345577742549311,602.0,8
ZE10RB,2.826531009402365,636.0,8
ZE10TN,-0.27571773498972685,376.0,5
ZE29AE,8.074627961307593,727.0,9
ZE29BX,7.576169635046568,723.0,9
ZE29DY,7.631941806845521,724.0,9
ZE29HX,3.8469387929180403,666.0,9
ZE29NA,6.422578937878337,714.0,9
ZE29QJ,6.891073176344873,718.0,9
ZE29RW,1.2365001906117334,541.0,7
