sdz21_code,loneliness_zscore,rank,deciles
N21000001,1.0033992988346372,605.0,7.0
N21000002,-0.814175341976531,240.0,2.0
N21000003,-1.7028898798669483,118.0,1.0
N21000004,1.6841125713061271,712.0,8.0
N21000005,1.508587589230232,676.0,7.0
N21000006,0.34533865442941397,505.0,5.0
N21000007,0.840105122947967,579.0,6.0
N21000008,0.7830383805508568,567.0,6.0
N21000009,0.9327004595967658,596.0,7.0
N21000010,1.0428641954930726,608.0,7.0
N21000011,0.9998764814613633,604.0,7.0
N21000012,0.4909313078692087,522.0,6.0
N21000013,1.239455455325451,630.0,7.0
N21000014,1.234191512237842,628.0,7.0
N21000015,0.7196548015345576,553.0,6.0
N21000016,0.5717162295171635,531.0,6.0
N21000017,0.8781773884565274,586.0,6.0
N21000018,0.856522006812301,583.0,6.0
N21000019,-1.7193922916379802,115.0,1.0
N21000020,-2.1346803512434853,68.0,0.0
N21000021,-2.1903651298879554,65.0,0.0
N21000022,-1.9403353221655464,85.0,0.0
N21000023,-1.9576825640652582,81.0,0.0
N21000024,-1.24280780922659,175.0,2.0
N21000025,-1.7173260331453366,116.0,1.0
N21000026,-1.4178608051365456,154.0,1.0
N21000027,-0.5848918328100463,299.0,3.0
N21000028,-0.43277487772441386,354.0,4.0
N21000029,-0.5490200565598949,315.0,3.0
N21000030,-0.46568437480227826,342.0,4.0
N21000031,-0.5944842258954444,297.0,3.0
N21000032,-0.581737151564047,302.0,3.0
N21000033,-0.14682791942129486,418.0,4.0
N21000034,-0.4799250117312572,338.0,3.0
N21000035,-0.4600052005150924,346.0,4.0
N21000036,-0.5829457148564046,301.0,3.0
N21000037,-0.583973733443403,300.0,3.0
N21000038,-0.3565655092926334,373.0,4.0
N21000039,-0.5969075443140268,295.0,3.0
N21000040,-0.673070503441806,273.0,3.0
N21000041,-0.6931605304624395,268.0,3.0
N21000042,-0.7968712341335797,245.0,2.0
N21000043,-0.7516632951684554,253.0,2.0
N21000044,-0.640108084825255,282.0,3.0
N21000045,-0.6315157827320295,284.0,3.0
N21000046,-0.7358228939144866,257.0,3.0
N21000047,-0.8751924507676124,227.0,2.0
N21000048,-0.4402479494322918,352.0,4.0
N21000049,-0.44462855010749686,350.0,4.0
N21000050,-0.4194063267490713,360.0,4.0
N21000051,-0.46691803992178055,341.0,4.0
N21000052,-0.5159687629598897,329.0,3.0
N21000053,-0.3127719152574924,382.0,4.0
N21000054,-0.589089063234318,298.0,3.0
N21000055,-0.483355904889609,336.0,3.0
N21000056,-0.3632457217175426,372.0,4.0
N21000057,0.05801410854828892,453.0,5.0
N21000058,-0.11550795317768907,427.0,5.0
N21000059,-2.523664408010915,34.0,0.0
N21000060,-1.0555659164207722,202.0,2.0
N21000061,-1.0419625768224163,205.0,2.0
N21000062,-0.3318557555639817,377.0,4.0
N21000063,-0.33562407371228953,376.0,4.0
N21000064,-0.09459036479059518,433.0,5.0
N21000065,-0.8514305436864772,233.0,2.0
N21000066,-0.7339103602201796,258.0,3.0
N21000067,-0.8318342113004291,237.0,2.0
N21000068,1.8158517247809112,726.0,8.0
N21000069,1.050157988081054,609.0,7.0
N21000070,1.3594913039770877,654.0,7.0
N21000071,1.6207523960265136,701.0,8.0
N21000072,1.0885298907932794,612.0,7.0
N21000073,2.1149411546346126,757.0,8.0
N21000074,1.474842989546793,672.0,7.0
N21000075,0.7492240428731846,559.0,6.0
N21000076,0.600765361364417,537.0,6.0
N21000077,0.12268052066474355,460.0,5.0
N21000078,0.24227255464536962,487.0,5.0
N21000079,2.857943751418884,811.0,9.0
N21000080,0.5041006209188721,523.0,6.0
N21000081,0.5930532946150749,534.0,6.0
N21000082,0.857441006513446,584.0,6.0
N21000083,0.9698930442127117,602.0,7.0
N21000084,1.1234842669438945,619.0,7.0
N21000085,0.5947578225240496,535.0,6.0
N21000086,0.92995047390419,595.0,7.0
N21000087,1.0558804813399416,610.0,7.0
N21000088,0.37738507919140657,510.0,6.0
N21000089,0.8750099398746763,585.0,6.0
N21000090,0.7228778217024244,554.0,6.0
N21000091,0.27531116593102195,493.0,5.0
N21000092,0.1610373863440812,470.0,5.0
N21000093,-0.21432840044227078,402.0,4.0
N21000094,-0.1540996986544401,413.0,4.0
N21000095,-0.18313797948191923,407.0,4.0
N21000096,-0.0906421919936614,435.0,5.0
N21000097,-0.5588939997445681,310.0,3.0
N21000098,0.040692464359530986,451.0,5.0
N21000099,0.18405483550228957,476.0,5.0
N21000100,-0.010197730754393576,443.0,5.0
N21000101,0.5858752388419782,532.0,6.0
N21000102,0.44520029362064417,520.0,6.0
N21000103,0.8080923682947581,572.0,6.0
N21000104,0.1566228071756147,469.0,5.0
N21000105,0.6275531847264593,540.0,6.0
N21000106,0.40559892591284974,514.0,6.0
N21000107,-0.6468513080728826,280.0,3.0
N21000108,-0.11006714604087323,429.0,5.0
N21000109,-0.06987332926481024,438.0,5.0
N21000110,-0.2594462247867694,392.0,4.0
N21000111,-0.30733742683376364,384.0,4.0
N21000112,0.028902880912747578,450.0,5.0
N21000113,-0.38238831097323206,369.0,4.0
N21000114,0.6427865943541998,544.0,6.0
N21000115,-0.2593516621031195,393.0,4.0
N21000116,0.09483758644176439,455.0,5.0
N21000117,0.5486824661052815,527.0,6.0
N21000118,0.2416146234167129,485.0,5.0
N21000119,0.20403574448506953,478.0,5.0
N21000120,0.2579321147576841,490.0,5.0
N21000121,0.3258670045650164,501.0,5.0
N21000122,0.1696944505700888,474.0,5.0
N21000123,0.23731308095637846,484.0,5.0
N21000124,0.7505644928843239,560.0,6.0
N21000125,0.8312842209370536,576.0,6.0
N21000126,0.948744850387387,598.0,7.0
N21000127,0.2994992509205055,497.0,5.0
N21000128,1.3745730382043437,659.0,7.0
N21000129,0.3911976202075026,511.0,6.0
N21000130,0.47645284115851716,521.0,6.0
N21000131,0.3694717915336449,509.0,6.0
N21000132,0.35721878729716827,508.0,5.0
N21000133,0.3163890880785233,500.0,5.0
N21000134,1.2834942039268644,638.0,7.0
N21000135,1.9702833292393565,743.0,8.0
N21000136,-0.21608219913899618,401.0,4.0
N21000137,-0.5573762569538322,312.0,3.0
N21000138,-0.14768773523617557,416.0,4.0
N21000139,-0.09880621114447487,432.0,5.0
N21000140,-0.14172323088487632,420.0,4.0
N21000141,-0.608391625998527,288.0,3.0
N21000142,-0.11990685461632382,425.0,5.0
N21000143,-0.23809705168194062,397.0,4.0
N21000144,-0.23977075465792616,396.0,4.0
N21000145,-0.43234169859170685,355.0,4.0
N21000146,0.1503189282240147,467.0,5.0
N21000147,-0.88153027333178,223.0,2.0
N21000148,2.378550933161766,774.0,9.0
N21000149,1.1129951340610433,615.0,7.0
N21000150,-0.8393996610780261,236.0,2.0
N21000151,-2.0398540762615776,78.0,0.0
N21000152,-0.84003243501576,235.0,2.0
N21000153,-1.0519423989629313,203.0,2.0
N21000154,-0.6735203348659707,272.0,3.0
N21000155,-0.8132092044809077,241.0,2.0
N21000156,-1.5013566897077637,144.0,1.0
N21000157,-1.3557816652006294,165.0,1.0
N21000158,-2.465065930742103,41.0,0.0
N21000159,-1.0415487678095454,206.0,2.0
N21000160,-0.18287224233349006,408.0,4.0
N21000161,-0.3940377417546297,368.0,4.0
N21000162,0.5160542989149598,525.0,6.0
N21000163,-0.09311353886861264,434.0,5.0
N21000164,-0.8943701920197488,222.0,2.0
N21000165,-0.04572049604254203,441.0,5.0
N21000166,-0.19722671867107133,405.0,4.0
N21000167,-0.7313621407992201,260.0,3.0
N21000168,-0.3187915344030392,379.0,4.0
N21000169,-1.0836626726072118,198.0,2.0
N21000170,-1.2413495516030146,176.0,2.0
N21000171,0.7927366185048742,568.0,6.0
N21000172,0.9055008106787884,590.0,6.0
N21000173,-0.9316565028379674,218.0,2.0
N21000174,0.7592426540504594,561.0,6.0
N21000175,-1.4050912650877645,157.0,1.0
N21000176,-1.7277904196714877,113.0,1.0
N21000177,-2.0236512790524714,79.0,0.0
N21000178,-1.640976556471901,127.0,1.0
N21000179,-0.4710492813928827,340.0,4.0
N21000180,-0.9614658140648643,215.0,2.0
N21000181,-1.1830628839891775,184.0,2.0
N21000182,-0.5514604809466788,314.0,3.0
N21000183,-1.5693541345582804,138.0,1.0
N21000184,-0.712916119249788,264.0,3.0
N21000185,-0.30330680423775297,386.0,4.0
N21000186,-1.4178473430094094,155.0,1.0
N21000187,-0.5990552391128049,292.0,3.0
N21000188,-1.9400721260892368,86.0,1.0
N21000189,-1.5885934651918199,135.0,1.0
N21000190,-1.769224104432464,105.0,1.0
N21000191,-1.9565599383489811,82.0,0.0
N21000192,-1.1230487882142037,190.0,2.0
N21000193,-1.9889534704169853,80.0,0.0
N21000194,-1.3929023765078548,161.0,1.0
N21000195,-1.5663081041529796,139.0,1.0
N21000196,-1.7749818275404026,103.0,1.0
N21000197,1.7602708496661088,722.0,8.0
N21000198,1.5969625006467216,697.0,8.0
N21000199,1.7965868680587285,725.0,8.0
N21000200,1.4638244309718471,671.0,7.0
N21000201,1.3638606936437074,655.0,7.0
N21000202,1.9975497103790345,746.0,8.0
N21000203,1.4949128564392802,673.0,7.0
N21000204,2.95463729038537,817.0,9.0
N21000205,1.3152979813428618,644.0,7.0
N21000206,1.6791328764070352,711.0,8.0
N21000207,2.355757429835535,773.0,9.0
N21000208,1.99710498875817,745.0,8.0
N21000209,2.8295229563896007,808.0,9.0
N21000210,1.5774187763376062,691.0,8.0
N21000211,1.6604116839305672,709.0,8.0
N21000212,2.6081857665950388,791.0,9.0
N21000213,2.0652931709263975,753.0,8.0
N21000214,2.119559450230916,758.0,8.0
N21000215,1.9091502704406464,737.0,8.0
N21000216,1.7559594888973298,719.0,8.0
N21000217,2.524210664225513,785.0,9.0
N21000218,2.223686685832601,765.0,9.0
N21000219,1.860395880418838,733.0,8.0
N21000220,1.773739429208904,723.0,8.0
N21000221,2.182107447530723,762.0,8.0
N21000222,1.559728589064095,687.0,8.0
N21000223,1.6135452310815268,698.0,8.0
N21000224,1.5696364790952824,689.0,8.0
N21000225,1.624770500704508,703.0,8.0
N21000226,1.621157694048058,702.0,8.0
N21000227,1.879074078595452,735.0,8.0
N21000228,1.5871873655870166,694.0,8.0
N21000229,2.0754100440854653,755.0,8.0
N21000230,1.7483602585520988,718.0,8.0
N21000231,1.84154611894036,729.0,8.0
N21000232,1.6404284497049608,705.0,8.0
N21000233,1.5953893857948405,696.0,8.0
N21000234,1.7581996969581286,720.0,8.0
N21000235,0.8438465862470926,580.0,6.0
N21000236,1.410347799567886,663.0,7.0
N21000237,1.449096570957269,667.0,7.0
N21000238,1.0722090264577313,611.0,7.0
N21000239,1.2467006685895161,634.0,7.0
N21000240,0.8047946061658272,571.0,6.0
N21000241,0.3973288562177991,512.0,6.0
N21000242,0.8356029996753079,577.0,6.0
N21000243,-0.31431618617494217,381.0,4.0
N21000244,0.4103674613643433,515.0,6.0
N21000245,0.18444967716598082,477.0,5.0
N21000246,-0.8963072103600449,221.0,2.0
N21000247,0.340656476736837,502.0,5.0
N21000248,-0.5708237811140223,307.0,3.0
N21000249,0.11999002564004145,459.0,5.0
N21000250,-0.42490339809377625,357.0,4.0
N21000251,-0.7966278440461998,246.0,2.0
N21000252,1.9224502435408926,740.0,8.0
N21000253,-0.0027210820982862317,446.0,5.0
N21000254,1.0963403630031727,613.0,7.0
N21000255,-0.3455402852807536,375.0,4.0
N21000256,-0.9777140087485913,212.0,2.0
N21000257,-1.0430553525772956,204.0,2.0
N21000258,-2.752730181722022,27.0,0.0
N21000259,0.14430552570426172,465.0,5.0
N21000260,-1.1934988190848372,183.0,2.0
N21000261,-2.589366706780429,31.0,0.0
N21000262,0.7794425258560004,566.0,6.0
N21000263,0.8554823678339455,582.0,6.0
N21000264,-1.3254959942549869,168.0,1.0
N21000265,-2.296846758276742,60.0,0.0
N21000266,-1.932743388721764,87.0,1.0
N21000267,0.6332923619118837,542.0,6.0
N21000268,-1.6855273571888718,123.0,1.0
N21000269,0.7379655777562902,556.0,6.0
N21000270,-1.5014940034635842,143.0,1.0
N21000271,-0.8032711207094034,243.0,2.0
N21000272,-0.4527068817672084,347.0,4.0
N21000273,-1.2301346435951936,179.0,2.0
N21000274,-1.1642412573933218,185.0,2.0
N21000275,-0.8524873539722945,232.0,2.0
N21000276,-0.4639039558706802,344.0,4.0
N21000277,-1.0326867661075518,208.0,2.0
N21000278,-0.4512428620037762,348.0,4.0
N21000279,-0.5179638786244544,328.0,3.0
N21000280,-0.45073290453463094,349.0,4.0
N21000281,-0.8537807588659748,231.0,2.0
N21000282,-0.7307030604804712,261.0,3.0
N21000283,-0.7506538094005029,254.0,2.0
N21000284,-1.151847471497246,186.0,2.0
N21000285,-0.5291709997481522,321.0,3.0
N21000286,-1.7314326206928812,112.0,1.0
N21000287,-1.7233406920410819,114.0,1.0
N21000288,-1.9472070517116193,84.0,0.0
N21000289,-1.674559411066171,124.0,1.0
N21000290,-1.781611012762193,101.0,1.0
N21000291,-1.7365733297961938,109.0,1.0
N21000292,-1.802501924120786,100.0,1.0
N21000293,-1.618366987400125,131.0,1.0
N21000294,-1.314823151431954,169.0,1.0
N21000295,-1.764411025078814,107.0,1.0
N21000296,-1.6739656110034293,125.0,1.0
N21000297,-1.6968522600539628,120.0,1.0
N21000298,-1.7699583275811663,104.0,1.0
N21000299,-1.6986455391308533,119.0,1.0
N21000300,-1.7073573758191614,117.0,1.0
N21000301,-2.300514373362941,58.0,0.0
N21000302,-1.9109652601102558,92.0,1.0
N21000303,-1.572874497909355,137.0,1.0
N21000304,-2.3838681733064337,53.0,0.0
N21000305,-2.846376281370142,23.0,0.0
N21000306,-2.6275644753193395,30.0,0.0
N21000307,-2.215983636990612,64.0,0.0
N21000308,-2.291698144470217,61.0,0.0
N21000309,-2.1160284970405008,69.0,0.0
N21000310,-2.0711687668398056,73.0,0.0
N21000311,-1.7334386577731085,111.0,1.0
N21000312,-1.6863907138276315,122.0,1.0
N21000313,-1.8230988677008169,98.0,1.0
N21000314,-2.0515820407768564,76.0,0.0
N21000315,-1.3998898448879407,159.0,1.0
N21000316,-1.4406840548026503,150.0,1.0
N21000317,-1.2366255151665346,177.0,2.0
N21000318,-1.549785306623644,142.0,1.0
N21000319,1.544490879625583,684.0,8.0
N21000320,-2.0958495753032205,72.0,0.0
N21000321,-0.15266675622422238,414.0,4.0
N21000322,-0.40028680834909774,366.0,4.0
N21000323,1.1172717003470933,616.0,7.0
N21000324,-1.6333517412868634,130.0,1.0
N21000325,-0.6935093831570693,267.0,3.0
N21000326,-2.262737730270146,62.0,0.0
N21000327,-1.7334734789565407,110.0,1.0
N21000328,-1.3257042324815513,167.0,1.0
N21000329,-2.0549816229203697,75.0,0.0
N21000330,-2.298578042253121,59.0,0.0
N21000331,-3.0137748525740986,20.0,0.0
N21000332,-1.4603361145352782,146.0,1.0
N21000333,-2.068014021645945,74.0,0.0
N21000334,-1.9217900609726892,91.0,1.0
N21000335,-1.9301126661721477,89.0,1.0
N21000336,0.342204615631445,504.0,5.0
N21000337,0.34684947559104545,506.0,5.0
N21000338,0.44462741477393286,519.0,6.0
N21000339,-0.003613058115923122,445.0,5.0
N21000340,-1.120861148604862,191.0,2.0
N21000341,-3.5893783103591512,8.0,0.0
N21000342,-2.109306465070199,70.0,0.0
N21000343,0.1670991991911845,472.0,5.0
N21000344,0.7158840512676745,551.0,6.0
N21000345,0.8933029742758221,589.0,6.0
N21000346,1.0320388123516575,607.0,7.0
N21000347,0.7781091750562323,565.0,6.0
N21000348,-0.16326029305089085,412.0,4.0
N21000349,0.9602827128400662,600.0,7.0
N21000350,-0.854241567691675,230.0,2.0
N21000351,-0.6228525909132188,285.0,3.0
N21000352,-0.1352985383618763,422.0,4.0
N21000353,-0.8192660983686864,239.0,2.0
N21000354,-3.3314205107609647,12.0,0.0
N21000355,-1.8733807348597797,95.0,1.0
N21000356,-2.7807713325445578,25.0,0.0
N21000357,-4.817553212331644,1.0,0.0
N21000358,0.02161400589695059,448.0,5.0
N21000359,-0.22515921394306368,400.0,4.0
N21000360,0.20891549028045064,480.0,5.0
N21000361,0.16967129479133378,473.0,5.0
N21000362,0.5529205665452936,528.0,6.0
N21000363,-0.3540277887952425,374.0,4.0
N21000364,0.13031833753125402,462.0,5.0
N21000365,0.5616785399726131,530.0,6.0
N21000366,0.17829014066243598,475.0,5.0
N21000367,0.1468791407123437,466.0,5.0
N21000368,-2.5173538387655396,36.0,0.0
N21000369,-1.872023499868404,96.0,1.0
N21000370,-0.2501200347832477,394.0,4.0
N21000371,-1.636695621854514,128.0,1.0
N21000372,-1.3983960425446098,160.0,1.0
N21000373,-0.693827691351254,266.0,3.0
N21000374,-0.5577348717645217,311.0,3.0
N21000375,-0.6487817147640844,279.0,3.0
N21000376,-1.2252982625499478,180.0,2.0
N21000377,-0.6062002194457669,289.0,3.0
N21000378,-3.0216610110833155,19.0,0.0
N21000379,-4.203005554151899,2.0,0.0
N21000380,-4.085597967198851,4.0,0.0
N21000381,-3.411032422371319,11.0,0.0
N21000382,-3.5172189043638533,9.0,0.0
N21000383,-2.413657085055144,49.0,0.0
N21000384,-3.4365481137979597,10.0,0.0
N21000385,-1.1389614834554125,187.0,2.0
N21000386,-2.1041444927516157,71.0,0.0
N21000387,-3.1671787214187668,14.0,0.0
N21000388,-2.8592508435097006,22.0,0.0
N21000389,-3.114928487820102,17.0,0.0
N21000390,-3.1881642323615558,13.0,0.0
N21000391,-2.992562283803972,21.0,0.0
N21000392,-3.8180051993627275,6.0,0.0
N21000393,-3.821649582188257,5.0,0.0
N21000394,-4.164768019425894,3.0,0.0
N21000395,-3.6075426536930615,7.0,0.0
N21000396,-3.119496407635184,16.0,0.0
N21000397,0.0922729991895451,454.0,5.0
N21000398,-0.14721816406055915,417.0,4.0
N21000399,-0.5781923078362871,304.0,3.0
N21000400,-0.10561682890407523,430.0,5.0
N21000401,-0.1263578364582971,423.0,4.0
N21000402,-0.29873193908590084,388.0,4.0
N21000403,-0.5387678382656468,319.0,3.0
N21000404,-0.1391454471464017,421.0,4.0
N21000405,-0.24027704352621923,395.0,4.0
N21000406,-0.46513010998675414,343.0,4.0
N21000407,-0.07759805714405076,436.0,5.0
N21000408,-0.22999776325338384,398.0,4.0
N21000409,-0.17276910427057549,410.0,4.0
N21000410,-0.4711068264332712,339.0,3.0
N21000411,-0.07353002330417255,437.0,5.0
N21000412,-0.53080720197591,320.0,3.0
N21000413,-0.6323257726717068,283.0,3.0
N21000414,-0.5245644044475732,325.0,3.0
N21000415,-0.6829587627933726,270.0,3.0
N21000416,-0.6028278373797658,290.0,3.0
N21000417,-0.9614849279927302,214.0,2.0
N21000418,-0.7480458669122136,256.0,3.0
N21000419,-0.6989443624119274,265.0,3.0
N21000420,-0.48162522596600693,337.0,3.0
N21000421,-0.9499681515350138,217.0,2.0
N21000422,-0.879088100323392,224.0,2.0
N21000423,-0.4427219605087051,351.0,4.0
N21000424,-0.3147315944199729,380.0,4.0
N21000425,-0.5074632194004114,332.0,3.0
N21000426,-0.5008472389989493,333.0,3.0
N21000427,-0.5802592275392771,303.0,3.0
N21000428,-0.860187262376509,229.0,2.0
N21000429,-0.4396568789709521,353.0,4.0
N21000430,-0.6014200180133684,291.0,3.0
N21000431,-0.3737175778113227,371.0,4.0
N21000432,-0.821356294901824,238.0,2.0
N21000433,-0.5197706903212345,326.0,3.0
N21000434,-0.5258901619144293,324.0,3.0
N21000435,-0.41000249513769765,362.0,4.0
N21000436,-0.46304761635443625,345.0,4.0
N21000437,0.5118306921790927,524.0,6.0
N21000438,0.22054263398005808,481.0,5.0
N21000439,-0.39481261820367003,367.0,4.0
N21000440,0.2617684872054625,492.0,5.0
N21000441,-0.5635496748820965,309.0,3.0
N21000442,-0.20424759573182422,404.0,4.0
N21000443,1.5146436175842677,678.0,8.0
N21000444,-0.12608336731067327,424.0,4.0
N21000445,0.612699654050957,538.0,6.0
N21000446,1.4568918949913021,670.0,7.0
N21000447,0.8516805781561411,581.0,6.0
N21000448,0.8190163277053855,574.0,6.0
N21000449,0.9674588577056146,601.0,7.0
N21000450,0.9786922456697609,603.0,7.0
N21000451,1.293735422204393,640.0,7.0
N21000452,1.212650789100729,624.0,7.0
N21000453,2.0533507537458653,751.0,8.0
N21000454,1.236914055851634,629.0,7.0
N21000455,1.5047869381726064,675.0,7.0
N21000456,1.2956353713352702,641.0,7.0
N21000457,0.7196222176634121,552.0,6.0
N21000458,0.9261289727747397,593.0,6.0
N21000459,1.960175482834816,742.0,8.0
N21000460,0.13129489001020941,463.0,5.0
N21000461,0.6414513359451018,543.0,6.0
N21000462,1.3846014276196401,661.0,7.0
N21000463,0.8805579064630207,587.0,6.0
N21000464,1.5365539725437578,679.0,8.0
N21000465,1.656753499537192,708.0,8.0
N21000466,1.538532245263572,680.0,8.0
N21000467,1.9501978000075588,741.0,8.0
N21000468,4.584105176611901,847.0,9.0
N21000469,4.303851427778735,846.0,9.0
N21000470,3.60474376601105,838.0,9.0
N21000471,3.82294950844191,843.0,9.0
N21000472,3.0407918192898737,818.0,9.0
N21000473,2.6506270020378713,795.0,9.0
N21000474,2.9388323741522417,816.0,9.0
N21000475,2.563575964817193,789.0,9.0
N21000476,2.6324964332746483,793.0,9.0
N21000477,2.8301746541915898,809.0,9.0
N21000478,2.618402158701846,792.0,9.0
N21000479,2.641701994260622,794.0,9.0
N21000480,2.4112381510361316,777.0,9.0
N21000481,2.8275060987940943,807.0,9.0
N21000482,0.7999149819834258,570.0,6.0
N21000483,2.7533027047313587,804.0,9.0
N21000484,1.4375174513760436,665.0,7.0
N21000485,3.9870055596036216,845.0,9.0
N21000486,2.742830503613174,803.0,9.0
N21000487,1.6470608017259114,706.0,8.0
N21000488,2.251279488237115,767.0,9.0
N21000489,0.11170128674938308,457.0,5.0
N21000490,-0.7546638548660992,251.0,2.0
N21000491,-0.10033284705335326,431.0,5.0
N21000492,-0.6893429822195701,269.0,3.0
N21000493,0.5201739305122726,526.0,6.0
N21000494,0.6705644984363456,547.0,6.0
N21000495,0.7762524403015046,564.0,6.0
N21000496,2.002949699223462,747.0,8.0
N21000497,1.2464544188370663,633.0,7.0
N21000498,0.8165966073329943,573.0,6.0
N21000499,1.6518472920922875,707.0,8.0
N21000500,3.071097022143142,820.0,9.0
N21000501,1.149092103109705,620.0,7.0
N21000502,2.770749756700534,805.0,9.0
N21000503,1.4376378266499144,666.0,7.0
N21000504,1.451270730050234,669.0,7.0
N21000505,2.0665632526777173,754.0,8.0
N21000506,1.2395583088376456,631.0,7.0
N21000507,2.045732174543815,749.0,8.0
N21000508,0.8881612710013495,588.0,6.0
N21000509,1.9169539693524156,738.0,8.0
N21000510,0.8380675716252275,578.0,6.0
N21000511,-0.9894249686581871,211.0,2.0
N21000512,-1.2436821392395965,174.0,2.0
N21000513,0.7720075091867443,563.0,6.0
N21000514,0.92331549294673,592.0,6.0
N21000515,-2.419481389509848,48.0,0.0
N21000516,-2.440309830242177,46.0,0.0
N21000517,-0.2713668513015809,391.0,4.0
N21000518,0.3419135336399726,503.0,5.0
N21000519,-1.425639618002075,151.0,1.0
N21000520,-0.4050133864541331,364.0,4.0
N21000521,-1.019763155807148,210.0,2.0
N21000522,-1.3041475216497382,170.0,1.0
N21000523,-0.5543240786392436,313.0,3.0
N21000524,-0.8093026331437511,242.0,2.0
N21000525,-0.4274397545320664,356.0,4.0
N21000526,-0.9525105268795995,216.0,2.0
N21000527,-1.4203732852473725,153.0,1.0
N21000528,-0.8787515883128901,225.0,2.0
N21000529,-1.1991910187686259,182.0,2.0
N21000530,-1.2107982814457205,181.0,2.0
N21000531,-0.6529598605809832,277.0,3.0
N21000532,-1.3671615951573424,163.0,1.0
N21000533,-0.7523576769556622,252.0,2.0
N21000534,-0.6162512950919034,287.0,3.0
N21000535,-0.8658788820952162,228.0,2.0
N21000536,-1.6881309703784244,121.0,1.0
N21000537,-1.367640415080821,162.0,1.0
N21000538,-1.4518154221419726,147.0,1.0
N21000539,-1.2851744892942856,171.0,2.0
N21000540,-1.12808143313474,189.0,2.0
N21000541,-1.0681749195257348,201.0,2.0
N21000542,-0.7170662409405191,263.0,3.0
N21000543,-0.671302427860001,274.0,3.0
N21000544,-0.7497529541167417,255.0,3.0
N21000545,-0.3076629322380987,383.0,4.0
N21000546,-1.0392650197623228,207.0,2.0
N21000547,-0.5986907576392302,293.0,3.0
N21000548,-0.7751481737017546,250.0,2.0
N21000549,-1.2543659795320294,173.0,2.0
N21000550,-1.1208549731951183,192.0,2.0
N21000551,-0.2854324882362696,389.0,4.0
N21000552,0.917120969518913,591.0,6.0
N21000553,-0.5951443471476926,296.0,3.0
N21000554,-0.17730176863129787,409.0,4.0
N21000555,-0.6222326768659647,286.0,3.0
N21000556,-0.6754500475347034,271.0,3.0
N21000557,-0.5976301120108546,294.0,3.0
N21000558,-0.9721765509442787,213.0,2.0
N21000559,-1.5935801930762894,132.0,1.0
N21000560,-1.5917158737886585,133.0,1.0
N21000561,-1.120154456234333,193.0,2.0
N21000562,2.5205177805954007,784.0,9.0
N21000563,1.5611794768734468,688.0,8.0
N21000564,2.710109915112878,801.0,9.0
N21000565,2.4503157202153325,778.0,9.0
N21000566,2.1614046846219437,759.0,8.0
N21000567,1.580529380451312,692.0,8.0
N21000568,2.0594953758374666,752.0,8.0
N21000569,1.2080910732456593,623.0,7.0
N21000570,0.12957155518493058,461.0,5.0
N21000571,-0.8754329774721974,226.0,2.0
N21000572,-2.0491344333392854,77.0,0.0
N21000573,-2.143595470605741,67.0,0.0
N21000574,-1.922920515311782,90.0,1.0
N21000575,-0.5264452564526908,323.0,3.0
N21000576,2.400641031154412,775.0,9.0
N21000577,-1.667591847418625,126.0,1.0
N21000578,-1.8804215617940527,94.0,1.0
N21000579,-1.5860770024981978,136.0,1.0
N21000580,0.5996882753669839,536.0,6.0
N21000581,1.8331331144768648,727.0,8.0
N21000582,2.800272591499435,806.0,9.0
N21000583,1.759461169207873,721.0,8.0
N21000584,2.1620358755581353,760.0,8.0
N21000585,2.455952023701542,780.0,9.0
N21000586,3.2288421967510335,823.0,9.0
N21000587,2.889326089615339,813.0,9.0
N21000588,2.300882627063907,771.0,9.0
N21000589,2.526438490653052,786.0,9.0
N21000590,2.83988116632338,810.0,9.0
N21000591,-1.8050299528901337,99.0,1.0
N21000592,0.023971208163186337,449.0,5.0
N21000593,-0.14910269383723868,415.0,4.0
N21000594,-1.272173493165494,172.0,2.0
N21000595,-0.49228869436721623,335.0,3.0
N21000596,-0.6419269076525668,281.0,3.0
N21000597,2.4617140264176776,781.0,9.0
N21000598,1.7422762909587852,717.0,8.0
N21000599,2.923974429034916,815.0,9.0
N21000600,1.327748556368423,648.0,7.0
N21000601,-1.8556536174596576,97.0,1.0
N21000602,-1.4842065061675784,145.0,1.0
N21000603,-2.2315942896271697,63.0,0.0
N21000604,-2.4509229824652414,45.0,0.0
N21000605,-2.4763932938770306,39.0,0.0
N21000606,-2.49108490509885,37.0,0.0
N21000607,-2.370557687904927,54.0,0.0
N21000608,-2.518706879774487,35.0,0.0
N21000609,-2.5645438686047375,32.0,0.0
N21000610,-2.4089057063789987,50.0,0.0
N21000611,-2.4672104630648266,40.0,0.0
N21000612,-2.4889081846226637,38.0,0.0
N21000613,-2.3526541965454797,56.0,0.0
N21000614,-1.9513414796010813,83.0,0.0
N21000615,-1.7794849558576682,102.0,1.0
N21000616,-1.6347008172963202,129.0,1.0
N21000617,-0.795918220584696,247.0,2.0
N21000618,-0.8013505276665076,244.0,2.0
N21000619,-1.9304088493317904,88.0,1.0
N21000620,-1.4162091285298055,156.0,1.0
N21000621,-1.559594160935612,140.0,1.0
N21000622,-2.680603255740065,29.0,0.0
N21000623,-2.464978937993049,42.0,0.0
N21000624,-2.3570992557071504,55.0,0.0
N21000625,-3.114534795669217,18.0,0.0
N21000626,-2.3931874715132606,52.0,0.0
N21000627,-1.7654524309582793,106.0,1.0
N21000628,-1.7527359485537473,108.0,1.0
N21000629,-2.4543006578553173,44.0,0.0
N21000630,-2.160872115879036,66.0,0.0
N21000631,-2.7608864249143696,26.0,0.0
N21000632,-2.726805120521726,28.0,0.0
N21000633,-1.5894745684364076,134.0,1.0
N21000634,-0.5389295977355607,318.0,3.0
N21000635,-0.14240437137434994,419.0,4.0
N21000636,-0.3061566841529498,385.0,4.0
N21000637,-2.5588707048991584,33.0,0.0
N21000638,-2.4343272085955183,47.0,0.0
N21000639,-1.0954655363754406,197.0,2.0
N21000640,-2.4550227072192845,43.0,0.0
N21000641,-1.4425913200832077,148.0,1.0
N21000642,-1.4411483856744265,149.0,1.0
N21000643,-0.7770933303538694,249.0,2.0
N21000644,-1.4004281871450088,158.0,1.0
N21000645,-1.4246455778481126,152.0,1.0
N21000646,-3.125285702353243,15.0,0.0
N21000647,-0.4074702084029196,363.0,4.0
N21000648,-0.5781125540676096,305.0,3.0
N21000649,-1.3559659597543183,164.0,1.0
N21000650,-0.49253304757739663,334.0,3.0
N21000651,0.23592565771604754,483.0,5.0
N21000652,0.4031603359916292,513.0,6.0
N21000653,0.2780826119807094,494.0,5.0
N21000654,0.13236421790900638,464.0,5.0
N21000655,1.6916738838930496,714.0,8.0
N21000656,1.1519623418243599,621.0,7.0
N21000657,1.4496454007990982,668.0,7.0
N21000658,-0.11031520905000645,428.0,5.0
N21000659,0.657781822900378,545.0,6.0
N21000660,0.6329240871807159,541.0,6.0
N21000661,0.10605568192089901,456.0,5.0
N21000662,3.895896104998343,844.0,9.0
N21000663,0.6809051912083027,549.0,6.0
N21000664,1.7767846545883923,724.0,8.0
N21000665,0.6937253571733523,550.0,6.0
N21000666,0.663450242434951,546.0,6.0
N21000667,1.3496157602618006,653.0,7.0
N21000668,3.150545076752004,822.0,9.0
N21000669,2.4988084262702595,783.0,9.0
N21000670,2.408055540352187,776.0,9.0
N21000671,3.113123186684199,821.0,9.0
N21000672,2.665231926362077,797.0,9.0
N21000673,3.0671112990832126,819.0,9.0
N21000674,3.340527008748511,826.0,9.0
N21000675,3.3850081242767738,830.0,9.0
N21000676,3.4294210368042655,831.0,9.0
N21000677,3.592367166650546,837.0,9.0
N21000678,3.767034654076186,842.0,9.0
N21000679,3.565462968135197,835.0,9.0
N21000680,3.5755242845796094,836.0,9.0
N21000681,3.7055747333908613,840.0,9.0
N21000682,3.4506597324376678,833.0,9.0
N21000683,3.722677660711253,841.0,9.0
N21000684,3.639028397616388,839.0,9.0
N21000685,3.4482426041107233,832.0,9.0
N21000686,3.464643288903128,834.0,9.0
N21000687,1.8554327246837026,732.0,8.0
N21000688,0.2786272350089498,495.0,5.0
N21000689,0.3053511980902221,498.0,5.0
N21000690,2.4628151301139787,782.0,9.0
N21000691,0.6252777195355955,539.0,6.0
N21000692,0.7997869275305655,569.0,6.0
N21000693,2.107249419608194,756.0,8.0
N21000694,-1.3330370108189185,166.0,1.0
N21000695,-1.1009267115734824,195.0,2.0
N21000696,-0.4167598370947246,361.0,4.0
N21000697,-1.096668883795776,196.0,2.0
N21000698,-1.022129553000364,209.0,2.0
N21000699,-0.028642903509670522,442.0,5.0
N21000700,-0.6565956353597939,276.0,3.0
N21000701,-1.077087252954562,199.0,2.0
N21000702,-0.22977517590787977,399.0,4.0
N21000703,-1.1127598525955977,194.0,2.0
N21000704,0.11300405640125889,458.0,5.0
N21000705,-1.9008811003421524,93.0,1.0
N21000706,0.24664855389915202,488.0,5.0
N21000707,0.20536118264177095,479.0,5.0
N21000708,0.41775876618545027,517.0,6.0
N21000709,0.2597526826582007,491.0,5.0
N21000710,0.6738559664295287,548.0,6.0
N21000711,0.4220259929529947,518.0,6.0
N21000712,0.2815409425319234,496.0,5.0
N21000713,0.5552610121476491,529.0,6.0
N21000714,0.056147221030336245,452.0,5.0
N21000715,0.24174916642236133,486.0,5.0
N21000716,0.1523099764727564,468.0,5.0
N21000717,-0.00722939416797691,444.0,5.0
N21000718,0.8242921739053534,575.0,6.0
N21000719,0.25047296044329365,489.0,5.0
N21000720,-0.05651783683483997,440.0,5.0
N21000721,-0.18337449865516553,406.0,4.0
N21000722,1.5559858539009728,686.0,8.0
N21000723,-0.5127961775529944,331.0,3.0
N21000724,-0.5670727613335539,308.0,3.0
N21000725,-0.5406697063579179,317.0,3.0
N21000726,-2.4065381558998635,51.0,0.0
N21000727,-2.312376235481296,57.0,0.0
N21000728,-2.825867858001216,24.0,0.0
N21000729,-1.132830865949379,188.0,2.0
N21000730,2.5528353188222153,787.0,9.0
N21000731,2.596780054519117,790.0,9.0
N21000732,2.6953905506565516,798.0,9.0
N21000733,2.450462362827133,779.0,9.0
N21000734,2.8767621001239756,812.0,9.0
N21000735,2.166282405541646,761.0,8.0
N21000736,0.4174648107631868,516.0,6.0
N21000737,-0.5716624333701646,306.0,3.0
N21000738,-0.2063392759907846,403.0,4.0
N21000739,-0.7331556324520446,259.0,3.0
N21000740,-0.3312693818771253,378.0,4.0
N21000741,-0.3743513601027992,370.0,4.0
N21000742,0.012320042985649232,447.0,5.0
N21000743,-0.42247815292055535,358.0,4.0
N21000744,-0.9067886209419124,220.0,2.0
N21000745,0.7401365691236973,557.0,6.0
N21000746,-0.5482475154686933,316.0,3.0
N21000747,3.311940717679967,825.0,9.0
N21000748,-0.16840650960527176,411.0,4.0
N21000749,1.2146365828323586,625.0,7.0
N21000750,0.3537530177125603,507.0,5.0
N21000751,2.704668439130223,800.0,9.0
N21000752,-1.2341532806403828,178.0,2.0
N21000753,-1.0748211594302728,200.0,2.0
N21000754,-0.7783154413800714,248.0,2.0
N21000755,-0.5183225522723681,327.0,3.0
N21000756,-0.5289995140501267,322.0,3.0
N21000757,-0.6605991139936921,275.0,3.0
N21000758,-0.6520035427772968,278.0,3.0
N21000759,-1.5560270782180199,141.0,1.0
N21000760,-0.8419467900147991,234.0,2.0
N21000761,-0.4196636543337798,359.0,4.0
N21000762,1.0203371330971045,606.0,7.0
N21000763,-0.40225141923442576,365.0,4.0
N21000764,0.23288059162480937,482.0,5.0
N21000765,-0.72243635409232,262.0,3.0
N21000766,-0.5158466344708679,330.0,3.0
N21000767,-0.1167857236849442,426.0,5.0
N21000768,0.948615426658103,597.0,7.0
N21000769,2.8949405669480632,814.0,9.0
N21000770,0.7469516516790812,558.0,6.0
N21000771,-0.9241728760476285,219.0,2.0
N21000772,-0.27275119869460396,390.0,4.0
N21000773,-0.057331549636548754,439.0,5.0
N21000774,-0.30171444233843747,387.0,4.0
N21000775,0.1620506429684013,471.0,5.0
N21000776,1.6885098082124366,713.0,8.0
N21000777,0.31347542407485024,499.0,5.0
N21000778,0.7345551696602781,555.0,6.0
N21000779,1.3157846479463637,645.0,7.0
N21000780,1.2532401954376757,636.0,7.0
N21000781,1.3326772923345052,650.0,7.0
N21000782,1.2652793861069092,637.0,7.0
N21000783,1.3093572395905488,643.0,7.0
N21000784,1.374124895649608,658.0,7.0
N21000785,1.3042425335289343,642.0,7.0
N21000786,1.2853783785429436,639.0,7.0
N21000787,1.4235908833164006,664.0,7.0
N21000788,1.3405910159514618,651.0,7.0
N21000789,1.379138093671101,660.0,7.0
N21000790,0.9540377133742057,599.0,7.0
N21000791,1.1109169962107037,614.0,7.0
N21000792,1.2225633188139744,626.0,7.0
N21000793,1.1175295281667121,617.0,7.0
N21000794,0.9264622814956428,594.0,7.0
N21000795,1.3285244919878167,649.0,7.0
N21000796,1.2287150618901486,627.0,7.0
N21000797,1.6196292431953034,700.0,8.0
N21000798,2.7226657285561897,802.0,9.0
N21000799,3.3711501601655103,829.0,9.0
N21000800,2.2166054877070676,764.0,9.0
N21000801,1.5844483646844698,693.0,8.0
N21000802,3.342404240445718,828.0,9.0
N21000803,1.369665229911842,657.0,7.0
N21000804,3.340710292890214,827.0,9.0
N21000805,2.7001295264074208,799.0,9.0
N21000806,1.5432069339930916,682.0,8.0
N21000807,1.2530536978835347,635.0,7.0
N21000808,1.3448413856966899,652.0,7.0
N21000809,1.4982818872221328,674.0,7.0
N21000810,1.3957663822743567,662.0,7.0
N21000811,1.6330686565543877,704.0,8.0
N21000812,1.5144815316653009,677.0,7.0
N21000813,1.705677862764252,715.0,8.0
N21000814,1.5918890024529042,695.0,8.0
N21000815,1.574102224785272,690.0,8.0
N21000816,1.324851244698499,647.0,7.0
N21000817,1.7075274864512568,716.0,8.0
N21000818,1.543850904606833,683.0,8.0
N21000819,1.1838089271656431,622.0,7.0
N21000820,1.8423726469011865,730.0,8.0
N21000821,2.264251754158816,769.0,9.0
N21000822,2.0502622157093082,750.0,8.0
N21000823,2.267177717652812,770.0,9.0
N21000824,1.871048483323029,734.0,8.0
N21000825,1.9172590114386692,739.0,8.0
N21000826,1.6145061834686687,699.0,8.0
N21000827,1.9760792612802576,744.0,8.0
N21000828,1.6719711807116364,710.0,8.0
N21000829,1.540925577835842,681.0,8.0
N21000830,1.8377369252030527,728.0,8.0
N21000831,2.1947890174904816,763.0,9.0
N21000832,3.2634910718232075,824.0,9.0
N21000833,2.0446007688106738,748.0,8.0
N21000834,2.5543281953475483,788.0,9.0
N21000835,2.6582134577276175,796.0,9.0
N21000836,2.2250961370481117,766.0,9.0
N21000837,2.328675079260468,772.0,9.0
N21000838,2.2583617026264466,768.0,9.0
N21000839,1.8989971060158206,736.0,8.0
N21000840,1.2422985114429708,632.0,7.0
N21000841,1.8484747822998047,731.0,8.0
N21000842,1.3644415464678303,656.0,7.0
N21000843,1.5507004933032573,685.0,8.0
N21000844,1.1209968890377804,618.0,7.0
N21000845,,,
N21000846,0.5922102464752942,533.0,6.0
N21000847,,,
N21000848,,,
N21000849,0.7618099323300115,562.0,6.0
N21000850,1.3241617205863472,646.0,7.0
