"","iz11_code"
"1","S02001236"
"2","S02001237"
"3","S02001238"
"4","S02001239"
"5","S02001240"
"6","S02001241"
"7","S02001242"
"8","S02001243"
"9","S02001244"
"10","S02001245"
"11","S02001246"
"12","S02001247"
"13","S02001248"
"14","S02001249"
"15","S02001250"
"16","S02001251"
"17","S02001252"
"18","S02001253"
"19","S02001254"
"20","S02001255"
"21","S02001256"
"22","S02001257"
"23","S02001258"
"24","S02001259"
"25","S02001260"
"26","S02001261"
"27","S02001262"
"28","S02001263"
"29","S02001264"
"30","S02001265"
"31","S02001266"
"32","S02001267"
"33","S02001268"
"34","S02001269"
"35","S02001270"
"36","S02001271"
"37","S02001272"
"38","S02001273"
"39","S02001274"
"40","S02001275"
"41","S02001276"
"42","S02001277"
"43","S02001278"
"44","S02001279"
"45","S02001280"
"46","S02001281"
"47","S02001282"
"48","S02001283"
"49","S02001284"
"50","S02001285"
"51","S02001286"
"52","S02001287"
"53","S02001288"
"54","S02001289"
"55","S02001290"
"56","S02001291"
"57","S02001292"
"58","S02001293"
"59","S02001294"
"60","S02001295"
"61","S02001296"
"62","S02001297"
"63","S02001298"
"64","S02001299"
"65","S02001300"
"66","S02001301"
"67","S02001302"
"68","S02001303"
"69","S02001304"
"70","S02001305"
"71","S02001306"
"72","S02001307"
"73","S02001308"
"74","S02001309"
"75","S02001310"
"76","S02001311"
"77","S02001312"
"78","S02001313"
"79","S02001314"
"80","S02001315"
"81","S02001316"
"82","S02001317"
"83","S02001318"
"84","S02001319"
"85","S02001320"
"86","S02001321"
"87","S02001322"
"88","S02001323"
"89","S02001324"
"90","S02001325"
"91","S02001326"
"92","S02001327"
"93","S02001328"
"94","S02001329"
"95","S02001330"
"96","S02001331"
"97","S02001332"
"98","S02001333"
"99","S02001334"
"100","S02001335"
"101","S02001336"
"102","S02001337"
"103","S02001338"
"104","S02001339"
"105","S02001340"
"106","S02001341"
"107","S02001342"
"108","S02001343"
"109","S02001344"
"110","S02001345"
"111","S02001346"
"112","S02001347"
"113","S02001348"
"114","S02001349"
"115","S02001350"
"116","S02001351"
"117","S02001352"
"118","S02001353"
"119","S02001354"
"120","S02001355"
"121","S02001356"
"122","S02001357"
"123","S02001358"
"124","S02001359"
"125","S02001360"
"126","S02001361"
"127","S02001362"
"128","S02001363"
"129","S02001364"
"130","S02001365"
"131","S02001366"
"132","S02001367"
"133","S02001368"
"134","S02001369"
"135","S02001370"
"136","S02001371"
"137","S02001372"
"138","S02001373"
"139","S02001374"
"140","S02001375"
"141","S02001376"
"142","S02001377"
"143","S02001378"
"144","S02001379"
"145","S02001380"
"146","S02001381"
"147","S02001382"
"148","S02001383"
"149","S02001384"
"150","S02001385"
"151","S02001386"
"152","S02001387"
"153","S02001388"
"154","S02001389"
"155","S02001390"
"156","S02001391"
"157","S02001392"
"158","S02001393"
"159","S02001394"
"160","S02001395"
"161","S02001396"
"162","S02001397"
"163","S02001398"
"164","S02001399"
"165","S02001400"
"166","S02001401"
"167","S02001402"
"168","S02001403"
"169","S02001404"
"170","S02001405"
"171","S02001406"
"172","S02001407"
"173","S02001408"
"174","S02001409"
"175","S02001410"
"176","S02001411"
"177","S02001412"
"178","S02001413"
"179","S02001414"
"180","S02001415"
"181","S02001416"
"182","S02001417"
"183","S02001418"
"184","S02001419"
"185","S02001420"
"186","S02001421"
"187","S02001422"
"188","S02001423"
"189","S02001424"
"190","S02001425"
"191","S02001426"
"192","S02001427"
"193","S02001428"
"194","S02001429"
"195","S02001430"
"196","S02001431"
"197","S02001432"
"198","S02001433"
"199","S02001434"
"200","S02001435"
"201","S02001436"
"202","S02001437"
"203","S02001438"
"204","S02001439"
"205","S02001440"
"206","S02001441"
"207","S02001442"
"208","S02001443"
"209","S02001444"
"210","S02001445"
"211","S02001446"
"212","S02001447"
"213","S02001448"
"214","S02001449"
"215","S02001450"
"216","S02001451"
"217","S02001452"
"218","S02001453"
"219","S02001454"
"220","S02001455"
"221","S02001456"
"222","S02001457"
"223","S02001458"
"224","S02001459"
"225","S02001460"
"226","S02001461"
"227","S02001462"
"228","S02001463"
"229","S02001464"
"230","S02001465"
"231","S02001466"
"232","S02001467"
"233","S02001468"
"234","S02001469"
"235","S02001470"
"236","S02001471"
"237","S02001472"
"238","S02001473"
"239","S02001474"
"240","S02001475"
"241","S02001476"
"242","S02001477"
"243","S02001478"
"244","S02001479"
"245","S02001480"
"246","S02001481"
"247","S02001482"
"248","S02001483"
"249","S02001484"
"250","S02001485"
"251","S02001486"
"252","S02001487"
"253","S02001488"
"254","S02001489"
"255","S02001490"
"256","S02001491"
"257","S02001492"
"258","S02001493"
"259","S02001494"
"260","S02001495"
"261","S02001496"
"262","S02001497"
"263","S02001498"
"264","S02001499"
"265","S02001500"
"266","S02001501"
"267","S02001502"
"268","S02001503"
"269","S02001504"
"270","S02001505"
"271","S02001506"
"272","S02001507"
"273","S02001508"
"274","S02001509"
"275","S02001510"
"276","S02001511"
"277","S02001512"
"278","S02001513"
"279","S02001514"
"280","S02001515"
"281","S02001516"
"282","S02001517"
"283","S02001518"
"284","S02001519"
"285","S02001520"
"286","S02001521"
"287","S02001522"
"288","S02001523"
"289","S02001524"
"290","S02001525"
"291","S02001526"
"292","S02001527"
"293","S02001528"
"294","S02001529"
"295","S02001530"
"296","S02001531"
"297","S02001532"
"298","S02001533"
"299","S02001534"
"300","S02001535"
"301","S02001536"
"302","S02001537"
"303","S02001538"
"304","S02001539"
"305","S02001540"
"306","S02001541"
"307","S02001542"
"308","S02001543"
"309","S02001544"
"310","S02001545"
"311","S02001546"
"312","S02001547"
"313","S02001548"
"314","S02001549"
"315","S02001550"
"316","S02001551"
"317","S02001552"
"318","S02001553"
"319","S02001554"
"320","S02001555"
"321","S02001556"
"322","S02001557"
"323","S02001558"
"324","S02001559"
"325","S02001560"
"326","S02001561"
"327","S02001562"
"328","S02001563"
"329","S02001564"
"330","S02001565"
"331","S02001566"
"332","S02001567"
"333","S02001568"
"334","S02001569"
"335","S02001570"
"336","S02001571"
"337","S02001572"
"338","S02001573"
"339","S02001574"
"340","S02001575"
"341","S02001576"
"342","S02001577"
"343","S02001578"
"344","S02001579"
"345","S02001580"
"346","S02001581"
"347","S02001582"
"348","S02001583"
"349","S02001584"
"350","S02001585"
"351","S02001586"
"352","S02001587"
"353","S02001588"
"354","S02001589"
"355","S02001590"
"356","S02001591"
"357","S02001592"
"358","S02001593"
"359","S02001594"
"360","S02001595"
"361","S02001596"
"362","S02001597"
"363","S02001598"
"364","S02001599"
"365","S02001600"
"366","S02001601"
"367","S02001602"
"368","S02001603"
"369","S02001604"
"370","S02001605"
"371","S02001606"
"372","S02001607"
"373","S02001608"
"374","S02001609"
"375","S02001610"
"376","S02001611"
"377","S02001612"
"378","S02001613"
"379","S02001614"
"380","S02001615"
"381","S02001616"
"382","S02001617"
"383","S02001618"
"384","S02001619"
"385","S02001620"
"386","S02001621"
"387","S02001622"
"388","S02001623"
"389","S02001624"
"390","S02001625"
"391","S02001626"
"392","S02001627"
"393","S02001628"
"394","S02001629"
"395","S02001630"
"396","S02001631"
"397","S02001632"
"398","S02001633"
"399","S02001634"
"400","S02001635"
"401","S02001636"
"402","S02001637"
"403","S02001638"
"404","S02001639"
"405","S02001640"
"406","S02001641"
"407","S02001642"
"408","S02001643"
"409","S02001644"
"410","S02001645"
"411","S02001646"
"412","S02001647"
"413","S02001648"
"414","S02001649"
"415","S02001650"
"416","S02001651"
"417","S02001652"
"418","S02001653"
"419","S02001654"
"420","S02001655"
"421","S02001656"
"422","S02001657"
"423","S02001658"
"424","S02001659"
"425","S02001660"
"426","S02001661"
"427","S02001662"
"428","S02001663"
"429","S02001664"
"430","S02001665"
"431","S02001666"
"432","S02001667"
"433","S02001668"
"434","S02001669"
"435","S02001670"
"436","S02001671"
"437","S02001672"
"438","S02001673"
"439","S02001674"
"440","S02001675"
"441","S02001676"
"442","S02001677"
"443","S02001678"
"444","S02001679"
"445","S02001680"
"446","S02001681"
"447","S02001682"
"448","S02001683"
"449","S02001684"
"450","S02001685"
"451","S02001686"
"452","S02001687"
"453","S02001688"
"454","S02001689"
"455","S02001690"
"456","S02001691"
"457","S02001692"
"458","S02001693"
"459","S02001694"
"460","S02001695"
"461","S02001696"
"462","S02001697"
"463","S02001698"
"464","S02001699"
"465","S02001700"
"466","S02001701"
"467","S02001702"
"468","S02001703"
"469","S02001704"
"470","S02001705"
"471","S02001706"
"472","S02001707"
"473","S02001708"
"474","S02001709"
"475","S02001710"
"476","S02001711"
"477","S02001712"
"478","S02001713"
"479","S02001714"
"480","S02001715"
"481","S02001716"
"482","S02001717"
"483","S02001718"
"484","S02001719"
"485","S02001720"
"486","S02001721"
"487","S02001722"
"488","S02001723"
"489","S02001724"
"490","S02001725"
"491","S02001726"
"492","S02001727"
"493","S02001728"
"494","S02001729"
"495","S02001730"
"496","S02001731"
"497","S02001732"
"498","S02001733"
"499","S02001734"
"500","S02001735"
"501","S02001736"
"502","S02001737"
"503","S02001738"
"504","S02001739"
"505","S02001740"
"506","S02001741"
"507","S02001742"
"508","S02001743"
"509","S02001744"
"510","S02001745"
"511","S02001746"
"512","S02001747"
"513","S02001748"
"514","S02001749"
"515","S02001750"
"516","S02001751"
"517","S02001752"
"518","S02001753"
"519","S02001754"
"520","S02001755"
"521","S02001756"
"522","S02001757"
"523","S02001758"
"524","S02001759"
"525","S02001760"
"526","S02001761"
"527","S02001762"
"528","S02001763"
"529","S02001764"
"530","S02001765"
"531","S02001766"
"532","S02001767"
"533","S02001768"
"534","S02001769"
"535","S02001771"
"536","S02001772"
"537","S02001773"
"538","S02001774"
"539","S02001775"
"540","S02001776"
"541","S02001777"
"542","S02001778"
"543","S02001779"
"544","S02001780"
"545","S02001781"
"546","S02001782"
"547","S02001783"
"548","S02001784"
"549","S02001785"
"550","S02001786"
"551","S02001770"
"552","S02001787"
"553","S02001788"
"554","S02001789"
"555","S02001790"
"556","S02001791"
"557","S02001792"
"558","S02001793"
"559","S02001794"
"560","S02001795"
"561","S02001796"
"562","S02001797"
"563","S02001798"
"564","S02001799"
"565","S02001800"
"566","S02001801"
"567","S02001802"
"568","S02001803"
"569","S02001804"
"570","S02001805"
"571","S02001806"
"572","S02001807"
"573","S02001808"
"574","S02001809"
"575","S02001810"
"576","S02001811"
"577","S02001812"
"578","S02001813"
"579","S02001814"
"580","S02001815"
"581","S02001816"
"582","S02001817"
"583","S02001818"
"584","S02001819"
"585","S02001820"
"586","S02001821"
"587","S02001822"
"588","S02001823"
"589","S02001824"
"590","S02001825"
"591","S02001826"
"592","S02001827"
"593","S02001828"
"594","S02001829"
"595","S02001830"
"596","S02001831"
"597","S02001832"
"598","S02001833"
"599","S02001834"
"600","S02001835"
"601","S02001836"
"602","S02001837"
"603","S02001838"
"604","S02001839"
"605","S02001840"
"606","S02001841"
"607","S02001842"
"608","S02001843"
"609","S02001844"
"610","S02001845"
"611","S02001846"
"612","S02001847"
"613","S02001848"
"614","S02001849"
"615","S02001850"
"616","S02001851"
"617","S02001852"
"618","S02001853"
"619","S02001854"
"620","S02001855"
"621","S02001856"
"622","S02001857"
"623","S02001858"
"624","S02001859"
"625","S02001860"
"626","S02001861"
"627","S02001862"
"628","S02001863"
"629","S02001864"
"630","S02001865"
"631","S02001866"
"632","S02001867"
"633","S02001868"
"634","S02001869"
"635","S02001870"
"636","S02001871"
"637","S02001872"
"638","S02001873"
"639","S02001874"
"640","S02001875"
"641","S02001876"
"642","S02001877"
"643","S02001878"
"644","S02001879"
"645","S02001880"
"646","S02001881"
"647","S02001882"
"648","S02001883"
"649","S02001884"
"650","S02001885"
"651","S02001886"
"652","S02001887"
"653","S02001888"
"654","S02001889"
"655","S02001890"
"656","S02001891"
"657","S02001892"
"658","S02001893"
"659","S02001894"
"660","S02001895"
"661","S02001896"
"662","S02001897"
"663","S02001898"
"664","S02001899"
"665","S02001900"
"666","S02001901"
"667","S02001902"
"668","S02001903"
"669","S02001904"
"670","S02001905"
"671","S02001906"
"672","S02001907"
"673","S02001908"
"674","S02001909"
"675","S02001910"
"676","S02001911"
"677","S02001912"
"678","S02001913"
"679","S02001914"
"680","S02001915"
"681","S02001916"
"682","S02001917"
"683","S02001918"
"684","S02001919"
"685","S02001920"
"686","S02001921"
"687","S02001922"
"688","S02001923"
"689","S02001924"
"690","S02001925"
"691","S02001926"
"692","S02001927"
"693","S02001928"
"694","S02001929"
"695","S02001930"
"696","S02001931"
"697","S02001932"
"698","S02001933"
"699","S02001934"
"700","S02001935"
"701","S02001936"
"702","S02001937"
"703","S02001938"
"704","S02001939"
"705","S02001940"
"706","S02001941"
"707","S02001942"
"708","S02001943"
"709","S02001944"
"710","S02001945"
"711","S02001946"
"712","S02001947"
"713","S02001948"
"714","S02001949"
"715","S02001950"
"716","S02001951"
"717","S02001952"
"718","S02001953"
"719","S02001954"
"720","S02001955"
"721","S02001956"
"722","S02001957"
"723","S02001958"
"724","S02001959"
"725","S02001960"
"726","S02001961"
"727","S02001962"
"728","S02001963"
"729","S02001964"
"730","S02001965"
"731","S02001966"
"732","S02001967"
"733","S02001968"
"734","S02001969"
"735","S02001970"
"736","S02001971"
"737","S02001972"
"738","S02001973"
"739","S02001974"
"740","S02001975"
"741","S02001976"
"742","S02001977"
"743","S02001978"
"744","S02001979"
"745","S02001980"
"746","S02001981"
"747","S02001982"
"748","S02001983"
"749","S02001984"
"750","S02001985"
"751","S02001986"
"752","S02001987"
"753","S02001988"
"754","S02001989"
"755","S02001990"
"756","S02001991"
"757","S02001992"
"758","S02001993"
"759","S02001994"
"760","S02001995"
"761","S02001996"
"762","S02001997"
"763","S02001998"
"764","S02001999"
"765","S02002000"
"766","S02002001"
"767","S02002002"
"768","S02002003"
"769","S02002004"
"770","S02002005"
"771","S02002006"
"772","S02002007"
"773","S02002008"
"774","S02002009"
"775","S02002010"
"776","S02002011"
"777","S02002012"
"778","S02002013"
"779","S02002014"
"780","S02002015"
"781","S02002016"
"782","S02002017"
"783","S02002018"
"784","S02002019"
"785","S02002020"
"786","S02002021"
"787","S02002022"
"788","S02002023"
"789","S02002024"
"790","S02002025"
"791","S02002026"
"792","S02002027"
"793","S02002028"
"794","S02002029"
"795","S02002030"
"796","S02002031"
"797","S02002032"
"798","S02002033"
"799","S02002034"
"800","S02002035"
"801","S02002036"
"802","S02002037"
"803","S02002038"
"804","S02002039"
"805","S02002040"
"806","S02002041"
"807","S02002042"
"808","S02002043"
"809","S02002044"
"810","S02002045"
"811","S02002046"
"812","S02002047"
"813","S02002048"
"814","S02002049"
"815","S02002050"
"816","S02002051"
"817","S02002052"
"818","S02002053"
"819","S02002054"
"820","S02002055"
"821","S02002056"
"822","S02002057"
"823","S02002058"
"824","S02002059"
"825","S02002060"
"826","S02002061"
"827","S02002062"
"828","S02002063"
"829","S02002064"
"830","S02002065"
"831","S02002066"
"832","S02002067"
"833","S02002068"
"834","S02002069"
"835","S02002070"
"836","S02002071"
"837","S02002072"
"838","S02002073"
"839","S02002074"
"840","S02002075"
"841","S02002076"
"842","S02002077"
"843","S02002078"
"844","S02002079"
"845","S02002080"
"846","S02002081"
"847","S02002082"
"848","S02002083"
"849","S02002084"
"850","S02002085"
"851","S02002086"
"852","S02002087"
"853","S02002088"
"854","S02002089"
"855","S02002090"
"856","S02002091"
"857","S02002092"
"858","S02002093"
"859","S02002094"
"860","S02002095"
"861","S02002096"
"862","S02002097"
"863","S02002098"
"864","S02002099"
"865","S02002100"
"866","S02002101"
"867","S02002102"
"868","S02002103"
"869","S02002104"
"870","S02002105"
"871","S02002106"
"872","S02002107"
"873","S02002108"
"874","S02002109"
"875","S02002110"
"876","S02002111"
"877","S02002112"
"878","S02002113"
"879","S02002114"
"880","S02002115"
"881","S02002116"
"882","S02002117"
"883","S02002118"
"884","S02002119"
"885","S02002120"
"886","S02002121"
"887","S02002122"
"888","S02002123"
"889","S02002124"
"890","S02002125"
"891","S02002126"
"892","S02002127"
"893","S02002128"
"894","S02002129"
"895","S02002130"
"896","S02002131"
"897","S02002132"
"898","S02002133"
"899","S02002134"
"900","S02002135"
"901","S02002136"
"902","S02002137"
"903","S02002138"
"904","S02002139"
"905","S02002140"
"906","S02002141"
"907","S02002142"
"908","S02002143"
"909","S02002144"
"910","S02002145"
"911","S02002146"
"912","S02002147"
"913","S02002148"
"914","S02002149"
"915","S02002150"
"916","S02002151"
"917","S02002152"
"918","S02002153"
"919","S02002154"
"920","S02002155"
"921","S02002156"
"922","S02002157"
"923","S02002158"
"924","S02002159"
"925","S02002160"
"926","S02002161"
"927","S02002162"
"928","S02002163"
"929","S02002164"
"930","S02002165"
"931","S02002166"
"932","S02002167"
"933","S02002168"
"934","S02002169"
"935","S02002170"
"936","S02002171"
"937","S02002172"
"938","S02002173"
"939","S02002174"
"940","S02002175"
"941","S02002176"
"942","S02002177"
"943","S02002178"
"944","S02002179"
"945","S02002180"
"946","S02002181"
"947","S02002182"
"948","S02002183"
"949","S02002184"
"950","S02002185"
"951","S02002186"
"952","S02002187"
"953","S02002188"
"954","S02002189"
"955","S02002190"
"956","S02002191"
"957","S02002192"
"958","S02002193"
"959","S02002194"
"960","S02002195"
"961","S02002196"
"962","S02002197"
"963","S02002198"
"964","S02002199"
"965","S02002200"
"966","S02002201"
"967","S02002202"
"968","S02002203"
"969","S02002204"
"970","S02002205"
"971","S02002206"
"972","S02002207"
"973","S02002208"
"974","S02002209"
"975","S02002210"
"976","S02002211"
"977","S02002212"
"978","S02002213"
"979","S02002214"
"980","S02002215"
"981","S02002216"
"982","S02002217"
"983","S02002218"
"984","S02002219"
"985","S02002220"
"986","S02002221"
"987","S02002222"
"988","S02002223"
"989","S02002224"
"990","S02002225"
"991","S02002226"
"992","S02002227"
"993","S02002228"
"994","S02002229"
"995","S02002230"
"996","S02002231"
"997","S02002232"
"998","S02002233"
"999","S02002234"
"1000","S02002235"
"1001","S02002236"
"1002","S02002237"
"1003","S02002238"
"1004","S02002239"
"1005","S02002240"
"1006","S02002241"
"1007","S02002242"
"1008","S02002243"
"1009","S02002244"
"1010","S02002245"
"1011","S02002246"
"1012","S02002247"
"1013","S02002248"
"1014","S02002249"
"1015","S02002250"
"1016","S02002251"
"1017","S02002252"
"1018","S02002253"
"1019","S02002254"
"1020","S02002255"
"1021","S02002256"
"1022","S02002257"
"1023","S02002258"
"1024","S02002259"
"1025","S02002260"
"1026","S02002261"
"1027","S02002262"
"1028","S02002263"
"1029","S02002264"
"1030","S02002265"
"1031","S02002266"
"1032","S02002267"
"1033","S02002268"
"1034","S02002269"
"1035","S02002270"
"1036","S02002271"
"1037","S02002272"
"1038","S02002273"
"1039","S02002274"
"1040","S02002275"
"1041","S02002276"
"1042","S02002277"
"1043","S02002278"
"1044","S02002279"
"1045","S02002280"
"1046","S02002281"
"1047","S02002282"
"1048","S02002283"
"1049","S02002284"
"1050","S02002285"
"1051","S02002286"
"1052","S02002287"
"1053","S02002288"
"1054","S02002289"
"1055","S02002290"
"1056","S02002291"
"1057","S02002292"
"1058","S02002293"
"1059","S02002294"
"1060","S02002295"
"1061","S02002296"
"1062","S02002297"
"1063","S02002298"
"1064","S02002299"
"1065","S02002300"
"1066","S02002301"
"1067","S02002302"
"1068","S02002303"
"1069","S02002304"
"1070","S02002305"
"1071","S02002306"
"1072","S02002307"
"1073","S02002308"
"1074","S02002309"
"1075","S02002310"
"1076","S02002311"
"1077","S02002312"
"1078","S02002313"
"1079","S02002314"
"1080","S02002315"
"1081","S02002316"
"1082","S02002317"
"1083","S02002318"
"1084","S02002319"
"1085","S02002320"
"1086","S02002321"
"1087","S02002322"
"1088","S02002323"
"1089","S02002324"
"1090","S02002325"
"1091","S02002326"
"1092","S02002327"
"1093","S02002328"
"1094","S02002329"
"1095","S02002330"
"1096","S02002331"
"1097","S02002332"
"1098","S02002333"
"1099","S02002334"
"1100","S02002335"
"1101","S02002336"
"1102","S02002337"
"1103","S02002338"
"1104","S02002339"
"1105","S02002340"
"1106","S02002341"
"1107","S02002342"
"1108","S02002343"
"1109","S02002344"
"1110","S02002345"
"1111","S02002346"
"1112","S02002347"
"1113","S02002348"
"1114","S02002349"
"1115","S02002350"
"1116","S02002351"
"1117","S02002352"
"1118","S02002353"
"1119","S02002354"
"1120","S02002355"
"1121","S02002356"
"1122","S02002357"
"1123","S02002358"
"1124","S02002359"
"1125","S02002360"
"1126","S02002361"
"1127","S02002362"
"1128","S02002363"
"1129","S02002364"
"1130","S02002365"
"1131","S02002366"
"1132","S02002367"
"1133","S02002368"
"1134","S02002369"
"1135","S02002370"
"1136","S02002371"
"1137","S02002372"
"1138","S02002373"
"1139","S02002374"
"1140","S02002375"
"1141","S02002376"
"1142","S02002377"
"1143","S02002378"
"1144","S02002379"
"1145","S02002380"
"1146","S02002381"
"1147","S02002382"
"1148","S02002383"
"1149","S02002384"
"1150","S02002385"
"1151","S02002386"
"1152","S02002387"
"1153","S02002388"
"1154","S02002389"
"1155","S02002390"
"1156","S02002391"
"1157","S02002392"
"1158","S02002393"
"1159","S02002394"
"1160","S02002395"
"1161","S02002396"
"1162","S02002397"
"1163","S02002398"
"1164","S02002399"
"1165","S02002400"
"1166","S02002401"
"1167","S02002402"
"1168","S02002403"
"1169","S02002404"
"1170","S02002405"
"1171","S02002406"
"1172","S02002407"
"1173","S02002408"
"1174","S02002409"
"1175","S02002410"
"1176","S02002411"
"1177","S02002412"
"1178","S02002413"
"1179","S02002414"
"1180","S02002415"
"1181","S02002416"
"1182","S02002417"
"1183","S02002418"
"1184","S02002419"
"1185","S02002420"
"1186","S02002421"
"1187","S02002422"
"1188","S02002423"
"1189","S02002424"
"1190","S02002425"
"1191","S02002426"
"1192","S02002427"
"1193","S02002428"
"1194","S02002429"
"1195","S02002430"
"1196","S02002431"
"1197","S02002432"
"1198","S02002433"
"1199","S02002434"
"1200","S02002435"
"1201","S02002436"
"1202","S02002437"
"1203","S02002438"
"1204","S02002439"
"1205","S02002440"
"1206","S02002441"
"1207","S02002442"
"1208","S02002443"
"1209","S02002444"
"1210","S02002445"
"1211","S02002446"
"1212","S02002447"
"1213","S02002448"
"1214","S02002449"
"1215","S02002450"
"1216","S02002451"
"1217","S02002452"
"1218","S02002453"
"1219","S02002454"
"1220","S02002455"
"1221","S02002456"
"1222","S02002457"
"1223","S02002458"
"1224","S02002459"
"1225","S02002460"
"1226","S02002461"
"1227","S02002462"
"1228","S02002463"
"1229","S02002464"
"1230","S02002465"
"1231","S02002466"
"1232","S02002467"
"1233","S02002468"
"1234","S02002469"
"1235","S02002470"
"1236","S02002471"
"1237","S02002472"
"1238","S02002473"
"1239","S02002474"
"1240","S02002475"
"1241","S02002476"
"1242","S02002477"
"1243","S02002478"
"1244","S02002479"
"1245","S02002480"
"1246","S02002481"
"1247","S02002482"
"1248","S02002483"
"1249","S02002484"
"1250","S02002485"
"1251","S02002486"
"1252","S02002487"
"1253","S02002488"
"1254","S02002489"
"1255","S02002490"
"1256","S02002491"
"1257","S02002492"
"1258","S02002493"
"1259","S02002494"
"1260","S02002495"
"1261","S02002496"
"1262","S02002497"
"1263","S02002498"
"1264","S02002499"
"1265","S02002500"
"1266","S02002501"
"1267","S02002502"
"1268","S02002503"
"1269","S02002504"
"1270","S02002505"
"1271","S02002506"
"1272","S02002507"
"1273","S02002508"
"1274","S02002509"
"1275","S02002510"
"1276","S02002511"
"1277","S02002512"
"1278","S02002513"
"1279","S02002514"
