iz11_code,loneliness_zscore,rank,deciles
S02001236,-0.195026224397475,798.0,6
S02001237,-0.30273637689279564,762.0,5
S02001238,0.951337649658149,1064.0,8
S02001239,0.8549704851630903,1047.0,8
S02001240,1.800037017289177,1173.0,9
S02001241,1.3750914171913884,1122.0,8
S02001242,1.3924899544765197,1126.0,8
S02001243,0.8144570355815243,1042.0,8
S02001244,1.6164888050195867,1155.0,9
S02001245,1.8295384378869504,1178.0,9
S02001246,2.6651064071181914,1246.0,9
S02001247,1.6603519218028022,1162.0,9
S02001248,1.803399913266824,1174.0,9
S02001249,2.957201878256626,1254.0,9
S02001250,3.1801605717826438,1256.0,9
S02001251,2.323652781067745,1228.0,9
S02001252,1.8894679965192718,1182.0,9
S02001253,1.0533041348369814,1087.0,8
S02001254,1.4694670988792058,1133.0,8
S02001255,1.640237346503521,1160.0,9
S02001256,1.9316119708085278,1183.0,9
S02001257,2.0832986697224847,1204.0,9
S02001258,2.352821310174646,1229.0,9
S02001259,3.638653418912215,1267.0,9
S02001260,4.478034488965965,1274.0,9
S02001261,3.588627187134984,1266.0,9
S02001262,2.2384447070511753,1217.0,9
S02001263,2.2832257906380518,1222.0,9
S02001264,2.2922141486231227,1224.0,9
S02001265,1.9359919276537154,1184.0,9
S02001266,1.6587886579288083,1161.0,9
S02001267,1.4824584912615495,1137.0,8
S02001268,1.7028922228531103,1167.0,9
S02001269,1.7919715417480389,1171.0,9
S02001270,1.61139570680922,1154.0,9
S02001271,0.9223292882332673,1054.0,8
S02001272,1.619338795312937,1156.0,9
S02001273,1.1775332395656632,1100.0,8
S02001274,1.2410451644317047,1109.0,8
S02001275,0.06808155510095504,854.0,6
S02001276,0.3498634200377568,925.0,7
S02001277,0.2771364692743567,905.0,7
S02001278,0.5647485022720766,996.0,7
S02001279,1.348605669703623,1118.0,8
S02001280,1.3066663190543928,1115.0,8
S02001281,1.6731022139373628,1164.0,9
S02001282,1.6942426666918209,1166.0,9
S02001283,1.8844531909661701,1181.0,9
S02001284,1.852457036560323,1179.0,9
S02001285,0.26147070144737167,900.0,7
S02001286,-0.3762814702795012,731.0,5
S02001287,0.20066030006537652,886.0,6
S02001288,0.3176880953665964,920.0,7
S02001289,0.3807898420788118,940.0,7
S02001290,0.2264568880572168,891.0,6
S02001291,0.37683485820691526,939.0,7
S02001292,0.42837009181030894,954.0,7
S02001293,0.9593568740393069,1070.0,8
S02001294,0.27890833395360903,906.0,7
S02001295,0.926601365820044,1055.0,8
S02001296,-0.3483276418503227,747.0,5
S02001297,-0.6335470488473173,607.0,4
S02001298,-0.6898875967356601,574.0,4
S02001299,-0.4430719339835315,706.0,5
S02001300,-0.45206379253506257,702.0,5
S02001301,-0.6877173714463137,576.0,4
S02001302,-1.7459208621237068,170.0,1
S02001303,-0.41538946864467463,718.0,5
S02001304,-0.6489448091239639,598.0,4
S02001305,-0.27054323215533127,770.0,6
S02001306,-0.15277466073927537,803.0,6
S02001307,-0.25096354694313544,778.0,6
S02001308,-0.03774865130142157,826.0,6
S02001309,0.1333874819905628,869.0,6
S02001310,0.18593490981505348,883.0,6
S02001311,0.8000819468731464,1040.0,8
S02001312,1.8065416015365778,1175.0,9
S02001313,1.9567589152100147,1187.0,9
S02001314,1.961704214555111,1188.0,9
S02001315,1.9473665519735837,1185.0,9
S02001316,1.2801943429482243,1113.0,8
S02001317,0.4927799575852159,973.0,7
S02001318,0.5137147461663247,977.0,7
S02001319,0.12856375455577787,867.0,6
S02001320,-0.1895846855131944,799.0,6
S02001321,-1.1770175684463162,346.0,2
S02001322,0.18015791874359716,881.0,6
S02001323,-1.124521443619971,367.0,2
S02001324,0.5101572525547017,976.0,7
S02001325,0.4976301631190653,974.0,7
S02001326,0.6461156453568122,1012.0,7
S02001327,0.7870801080007532,1036.0,8
S02001328,0.8218538542402734,1044.0,8
S02001329,1.2039823892824695,1103.0,8
S02001330,1.666936117265631,1163.0,9
S02001331,2.9352009247141786,1253.0,9
S02001332,1.4646495258685759,1132.0,8
S02001333,2.0211788278846132,1196.0,9
S02001334,1.1178995695045475,1091.0,8
S02001335,0.5172033008935935,979.0,7
S02001336,0.9486255075961829,1062.0,8
S02001337,1.0449125265863208,1085.0,8
S02001338,2.367113614806295,1231.0,9
S02001339,1.0061405556873932,1080.0,8
S02001340,-0.9884900975780018,423.0,3
S02001341,-1.6045829687586448,202.0,1
S02001342,-1.619053145696626,201.0,1
S02001343,-1.4542738880224202,253.0,1
S02001344,-0.6308555190249064,610.0,4
S02001345,-0.4335028823013159,712.0,5
S02001346,-0.38442744010590646,727.0,5
S02001347,-0.5229132507987301,667.0,5
S02001348,-0.668462228411636,586.0,4
S02001349,-0.48134829200863033,686.0,5
S02001350,0.01563135167006733,840.0,6
S02001351,-0.37974842274347465,730.0,5
S02001352,-0.511717982828959,673.0,5
S02001353,-0.722702790985994,560.0,4
S02001354,-0.6670960408640879,587.0,4
S02001355,-0.6639160732632119,589.0,4
S02001356,0.5169751638034147,978.0,7
S02001357,0.4209702928095469,952.0,7
S02001358,0.4340901568561422,955.0,7
S02001359,0.5460156297635808,991.0,7
S02001360,0.9695967893594973,1073.0,8
S02001361,1.6227311345897903,1158.0,9
S02001362,1.513415888894256,1140.0,8
S02001363,0.036188394589436214,845.0,6
S02001364,0.2911997277409518,911.0,7
S02001365,0.23395394245224238,894.0,6
S02001366,0.1494859209876423,875.0,6
S02001367,-0.14941262264172547,804.0,6
S02001368,0.5224686550136257,981.0,7
S02001369,0.37337373450752936,937.0,7
S02001370,4.045676997328793,1273.0,9
S02001371,2.053248301501782,1200.0,9
S02001372,0.5271615454128296,983.0,7
S02001373,3.569822850726834,1265.0,9
S02001374,2.774144143659959,1249.0,9
S02001375,2.002003350855271,1192.0,9
S02001376,0.8552462439218484,1048.0,8
S02001377,0.5598711801196182,994.0,7
S02001378,1.9860049185541881,1190.0,9
S02001379,0.22529939370955346,890.0,6
S02001380,1.1386295884153828,1094.0,8
S02001381,0.6141196568979895,1009.0,7
S02001382,0.14986582473017504,876.0,6
S02001383,1.4818446535627146,1136.0,8
S02001384,1.5280683795345784,1144.0,8
S02001385,0.8759771913217849,1051.0,8
S02001386,0.11252827704301707,862.0,6
S02001387,0.9361927919081856,1059.0,8
S02001388,0.04823266244488952,848.0,6
S02001389,-0.5763836956280609,640.0,4
S02001390,-0.7546899436276135,546.0,4
S02001391,-0.48359132630674156,684.0,5
S02001392,0.08852993032307517,856.0,6
S02001393,-0.45410762069034555,699.0,5
S02001394,-0.3289669632161771,752.0,5
S02001395,-0.3267574873549248,754.0,5
S02001396,-0.3181920085786841,759.0,5
S02001397,-0.5027987269203165,677.0,5
S02001398,-0.4142714823294305,719.0,5
S02001399,-0.8115487648190229,520.0,4
S02001400,-0.8773352492155047,483.0,3
S02001401,-0.9486635254917568,441.0,3
S02001402,-0.9674085562606232,436.0,3
S02001403,-1.0038791207555422,419.0,3
S02001404,-0.6740473086214894,582.0,4
S02001405,0.14003349354619984,872.0,6
S02001406,0.057775805761118106,850.0,6
S02001407,0.11860138930552551,864.0,6
S02001408,0.4534422644561707,962.0,7
S02001409,1.2565249670652725,1112.0,8
S02001410,0.4833121602798506,968.0,7
S02001411,0.7716480682193799,1033.0,8
S02001412,-0.10978426987139653,813.0,6
S02001413,-0.3374922603248269,750.0,5
S02001414,-0.6425578521990489,601.0,4
S02001415,-0.7398845330860118,551.0,4
S02001416,-1.639076136801262,195.0,1
S02001417,-1.0570809869560587,395.0,3
S02001418,-1.121234549707126,369.0,2
S02001419,-0.8621865390515577,493.0,3
S02001420,-1.1121189666553613,372.0,2
S02001421,-1.067679726156167,387.0,3
S02001422,-1.2408171431859418,323.0,2
S02001423,-1.6314583607262445,200.0,1
S02001424,-2.009859208506752,100.0,0
S02001425,-2.5401929291225653,31.0,0
S02001426,-1.1103153321450125,373.0,2
S02001427,-1.173915702927359,347.0,2
S02001428,-1.8394850694458285,141.0,1
S02001429,-1.8281843611924387,149.0,1
S02001430,-2.541138160566187,30.0,0
S02001431,-2.01497168851903,99.0,0
S02001432,-0.40042886622284957,722.0,5
S02001433,-0.775192327958526,536.0,4
S02001434,-1.1465635413221398,360.0,2
S02001435,-1.1595259041838586,354.0,2
S02001436,-0.6289724387824296,612.0,4
S02001437,-0.26321783943537247,773.0,6
S02001438,0.9951464618541009,1078.0,8
S02001439,0.10845367510494343,860.0,6
S02001440,-0.9327544117300014,450.0,3
S02001441,-2.2607726268689587,56.0,0
S02001442,-0.7868948843072435,529.0,4
S02001443,-0.4056332026467327,721.0,5
S02001444,1.631970417348337,1159.0,9
S02001445,-0.31052421629000376,761.0,5
S02001446,-0.010800122039690793,832.0,6
S02001447,-0.1273373938461921,810.0,6
S02001448,-0.4828602545424278,685.0,5
S02001449,-0.6788592194827588,578.0,4
S02001450,-0.677112217601146,579.0,4
S02001451,-0.6555284270854594,594.0,4
S02001452,-0.8587394055719149,496.0,3
S02001453,-0.5778724955549354,636.0,4
S02001454,-0.4264293394260269,715.0,5
S02001455,-0.32862138177412836,753.0,5
S02001456,0.13131595278294658,868.0,6
S02001457,0.00740162676044361,839.0,6
S02001458,0.36284956478277636,931.0,7
S02001459,0.061396650648037135,851.0,6
S02001460,-0.1138251935571776,811.0,6
S02001461,-0.24080334861601874,783.0,6
S02001462,-0.41986571933178596,717.0,5
S02001463,-0.4617840824907094,696.0,5
S02001464,-0.45367551488455243,700.0,5
S02001465,-0.5938660886895855,628.0,4
S02001466,-0.8065200044373214,521.0,4
S02001467,-0.8782499131452836,482.0,3
S02001468,-0.6243019033809872,615.0,4
S02001469,-0.5150194223988526,672.0,5
S02001470,-0.5931783569980347,630.0,4
S02001471,-0.561039204113798,649.0,5
S02001472,-0.6163344354145934,621.0,4
S02001473,-0.7409908215661499,550.0,4
S02001474,-0.7173311150256106,563.0,4
S02001475,-0.6393291696193579,604.0,4
S02001476,-1.8907746823867093,127.0,0
S02001477,-2.353380949552239,47.0,0
S02001478,-1.8953108152290332,126.0,0
S02001479,-2.5821193706707097,27.0,0
S02001480,-1.3877079075776806,275.0,2
S02001481,-1.4221424947602552,266.0,2
S02001482,-2.859443766944154,12.0,0
S02001483,-1.7163645680075466,178.0,1
S02001484,-1.4265552962003758,264.0,2
S02001485,-2.049260447414915,94.0,0
S02001486,-0.6454370085532669,600.0,4
S02001487,-1.0330397772246982,406.0,3
S02001488,-0.9449401980322486,443.0,3
S02001489,-1.2906950696484885,307.0,2
S02001490,-0.7247734563735977,557.0,4
S02001491,-0.26740780945911446,771.0,6
S02001492,0.15637900912764918,877.0,6
S02001493,0.4361846101083003,957.0,7
S02001494,0.5360728341901456,988.0,7
S02001495,0.7056457422498518,1021.0,7
S02001496,0.8227342183442736,1045.0,8
S02001497,0.7050133859649824,1020.0,7
S02001498,0.4703134732084655,965.0,7
S02001499,0.41156327168057566,949.0,7
S02001500,0.4738571855276754,966.0,7
S02001501,0.6888451154883856,1017.0,7
S02001502,0.8370386846059307,1046.0,8
S02001503,0.7268734666433864,1028.0,8
S02001504,0.29104141345356516,910.0,7
S02001505,0.2590314165146025,899.0,7
S02001506,-1.163760129337797,351.0,2
S02001507,-1.2957193417194155,304.0,2
S02001508,-1.271187110154765,313.0,2
S02001509,-1.2959247236941913,303.0,2
S02001510,-0.727491872727798,555.0,4
S02001511,-0.5761377881320299,641.0,5
S02001512,-1.0592414821335299,393.0,3
S02001513,-0.8586002960268143,497.0,3
S02001514,-1.0108575030495093,417.0,3
S02001515,-0.9390048919451484,446.0,3
S02001516,-0.499404410187169,679.0,5
S02001517,-0.8991313095326492,469.0,3
S02001518,-1.6993576940399353,184.0,1
S02001519,-1.6839343729972176,186.0,1
S02001520,-1.550266609924227,218.0,1
S02001521,-2.187708949906116,72.0,0
S02001522,-2.283966568783156,53.0,0
S02001523,-2.0085615745069054,101.0,0
S02001524,-1.914062616057847,123.0,0
S02001525,-1.8495846524864386,138.0,1
S02001526,-1.5901266010277288,205.0,1
S02001527,-1.6589237180820724,189.0,1
S02001528,-1.5605907338311045,212.0,1
S02001529,-1.4288070640812591,262.0,2
S02001530,-1.3072711937906147,298.0,2
S02001531,-1.543731134475846,221.0,1
S02001532,-1.4463163283484395,255.0,1
S02001533,-1.3683410124480624,280.0,2
S02001534,0.4615340980262341,964.0,7
S02001535,0.8605831214419191,1049.0,8
S02001536,0.7996580958092845,1039.0,8
S02001537,1.0068870034325783,1081.0,8
S02001538,0.8012599936193793,1041.0,8
S02001539,0.603244897043496,1005.0,7
S02001540,-0.6167934352562694,620.0,4
S02001541,-0.3498166640139284,746.0,5
S02001542,0.9588612730516844,1069.0,8
S02001543,0.4841482263371231,970.0,7
S02001544,0.4527763103359261,960.0,7
S02001545,0.3630413347040181,932.0,7
S02001546,0.9100111390398812,1053.0,8
S02001547,0.9943455009765623,1076.0,8
S02001548,0.7211123216961814,1026.0,8
S02001549,0.7265337859100147,1027.0,8
S02001550,0.7943846838097254,1037.0,8
S02001551,0.5972660156134736,1001.0,7
S02001552,0.6166938573795018,1010.0,7
S02001553,1.2153490788960264,1105.0,8
S02001554,0.7508471654814769,1030.0,8
S02001555,0.3615832779089416,930.0,7
S02001556,-1.545575387904171,220.0,1
S02001557,-1.975454439443387,107.0,0
S02001558,-2.1327019353936754,79.0,0
S02001559,-1.733948147443453,175.0,1
S02001560,-1.734292456584227,174.0,1
S02001561,-1.4967501517681172,240.0,1
S02001562,-1.529235303383712,225.0,1
S02001563,-1.9285316892742124,122.0,0
S02001564,-1.5806120885827029,209.0,1
S02001565,-1.3428940863133754,289.0,2
S02001566,-1.4657146128377831,248.0,1
S02001567,-1.332980057271236,292.0,2
S02001568,-0.9687069002887002,435.0,3
S02001569,-0.8675935907245116,490.0,3
S02001570,-1.028664444207476,409.0,3
S02001571,-1.5249059964763392,229.0,1
S02001572,-1.264893217317039,316.0,2
S02001573,-1.0383394276261102,402.0,3
S02001574,-1.4362913192849898,259.0,2
S02001575,-1.4155321392095934,267.0,2
S02001576,0.2943633167560289,912.0,7
S02001577,0.0025062541715206096,837.0,6
S02001578,0.38962420249489693,942.0,7
S02001579,0.5342285702629912,986.0,7
S02001580,0.9540171021514442,1066.0,8
S02001581,1.4609129546782313,1131.0,8
S02001582,0.6111763789353827,1008.0,7
S02001583,0.2714748150205456,903.0,7
S02001584,0.5877849838562181,999.0,7
S02001585,0.3488966469382603,924.0,7
S02001586,0.16282140202092477,878.0,6
S02001587,0.8983939767322604,1052.0,8
S02001588,0.9443273971073971,1060.0,8
S02001589,1.3025835418230611,1114.0,8
S02001590,1.359199915850297,1120.0,8
S02001591,2.1410760179149784,1207.0,9
S02001592,1.509481589543353,1139.0,8
S02001593,1.5476562023389313,1149.0,8
S02001594,1.4924331746044828,1138.0,8
S02001595,1.523920711849533,1143.0,8
S02001596,1.7557023974688049,1169.0,9
S02001597,1.522776950211681,1142.0,8
S02001598,1.3452145423036925,1117.0,8
S02001599,1.1936510455477856,1102.0,8
S02001600,0.37379013840425773,938.0,7
S02001601,0.5296487559502481,984.0,7
S02001602,0.3518148422475026,927.0,7
S02001603,0.3917558039926909,945.0,7
S02001604,0.41028602877535786,948.0,7
S02001605,0.43524237647105835,956.0,7
S02001606,0.5381914391333825,990.0,7
S02001607,1.0272676789303967,1084.0,8
S02001608,0.6506185500726518,1013.0,7
S02001609,1.2463039647588856,1110.0,8
S02001610,1.5824835781414428,1151.0,8
S02001611,2.0047910997986955,1193.0,9
S02001612,2.043106962589484,1199.0,9
S02001613,2.368028183830981,1232.0,9
S02001614,2.370813143684716,1233.0,9
S02001615,1.878957590779029,1180.0,9
S02001616,1.4795279855014702,1135.0,8
S02001617,2.1629507439249425,1208.0,9
S02001618,2.0381181021665142,1198.0,9
S02001619,2.3785458970236095,1235.0,9
S02001620,2.8398449795665934,1252.0,9
S02001621,2.7014262427987643,1248.0,9
S02001622,3.3835274843626886,1260.0,9
S02001623,2.228519021164707,1216.0,9
S02001624,2.3623187853896845,1230.0,9
S02001625,1.6910077741184624,1165.0,9
S02001626,1.3827431580582972,1124.0,8
S02001627,0.5994834388936426,1003.0,7
S02001628,1.1028055781087807,1090.0,8
S02001629,1.5365707952473018,1146.0,8
S02001630,0.9544823587777275,1067.0,8
S02001631,1.2371149585733363,1108.0,8
S02001632,1.322329138835207,1116.0,8
S02001633,1.4047550311068298,1129.0,8
S02001634,1.358630933203755,1119.0,8
S02001635,1.5434764765151812,1147.0,8
S02001636,1.3843315211990423,1125.0,8
S02001637,1.534962243775708,1145.0,8
S02001638,1.5530870303591948,1150.0,8
S02001639,1.392495412032245,1127.0,8
S02001640,1.136200267064154,1093.0,8
S02001641,0.6262644518479235,1011.0,7
S02001642,0.9987154364282523,1079.0,8
S02001643,1.072822639635346,1089.0,8
S02001644,0.9463918553735737,1061.0,8
S02001645,1.4425541260220809,1130.0,8
S02001646,1.3753524461405382,1123.0,8
S02001647,2.1982216294986925,1214.0,9
S02001648,1.1674430620639353,1097.0,8
S02001649,0.955973960076485,1068.0,8
S02001650,0.5601705256865939,995.0,7
S02001651,0.7678320318566667,1032.0,8
S02001652,1.4761186017211285,1134.0,8
S02001653,1.6203424343748558,1157.0,9
S02001654,0.9741667710480798,1074.0,8
S02001655,1.7864237862548484,1170.0,9
S02001656,2.5166909393220083,1241.0,9
S02001657,2.2550447929770905,1221.0,9
S02001658,2.252061365297063,1220.0,9
S02001659,2.0125870524370715,1195.0,9
S02001660,2.554891836203172,1242.0,9
S02001661,0.9333390282608278,1057.0,8
S02001662,1.1653743884217826,1096.0,8
S02001663,1.3727453470152926,1121.0,8
S02001664,0.5829735222298599,998.0,7
S02001665,0.5357261709835777,987.0,7
S02001666,0.23560695273943738,896.0,7
S02001667,0.8687614972141641,1050.0,8
S02001668,0.7156130900165095,1024.0,8
S02001669,0.36869060433740375,934.0,7
S02001670,0.06697597050934517,853.0,6
S02001671,-0.11339667845202069,812.0,6
S02001672,0.3730751805020079,936.0,7
S02001673,0.8177580053515283,1043.0,8
S02001674,0.24047235186937566,897.0,7
S02001675,0.28346786379795363,907.0,7
S02001676,0.5549877906528237,992.0,7
S02001677,0.6933710885612906,1018.0,7
S02001678,0.48687102222514433,971.0,7
S02001679,0.6001834084295645,1004.0,7
S02001680,0.6767212422819634,1015.0,7
S02001681,0.5314893077674542,985.0,7
S02001682,0.3872848592164309,941.0,7
S02001683,-0.2254703369251762,788.0,6
S02001684,-0.5367503219411025,662.0,5
S02001685,-0.1961966140528542,797.0,6
S02001686,-0.19641122358385418,796.0,6
S02001687,2.1754819438701722,1209.0,9
S02001688,1.2133063111464513,1104.0,8
S02001689,1.813879175627015,1177.0,9
S02001690,1.2553109691498836,1111.0,8
S02001691,1.0505155791444458,1086.0,8
S02001692,0.7174914693734589,1025.0,8
S02001693,-0.13567001325627034,808.0,6
S02001694,0.024840354810476674,843.0,6
S02001695,0.703658256214147,1019.0,7
S02001696,-0.5807615235260811,634.0,4
S02001697,-0.6970729818835749,571.0,4
S02001698,-0.7630440997669551,542.0,4
S02001699,-0.7565226150103523,544.0,4
S02001700,-0.9011328805255988,467.0,3
S02001701,-0.6921826267432237,573.0,4
S02001702,-0.936728700053551,447.0,3
S02001703,-0.820419390575588,515.0,4
S02001704,-0.9625133220064055,437.0,3
S02001705,-1.307096214511896,299.0,2
S02001706,-1.5870811998953394,207.0,1
S02001707,-1.4669525975517836,247.0,1
S02001708,-1.559663380384464,213.0,1
S02001709,-1.2961317348099899,302.0,2
S02001710,-0.8400666556072912,505.0,3
S02001711,-1.5016995371141908,237.0,1
S02001712,-1.4695447647764148,246.0,1
S02001713,-1.1231309635965103,368.0,2
S02001714,-1.0330720808222793,405.0,3
S02001715,-1.2382792907575508,325.0,2
S02001716,-1.064514918825331,391.0,3
S02001717,-0.3469960289507373,748.0,5
S02001718,-0.6976384428849475,569.0,4
S02001719,-0.7856442742735836,531.0,4
S02001720,-0.9997331060848175,420.0,3
S02001721,-1.0170236514645543,413.0,3
S02001722,-1.0238103319702991,412.0,3
S02001723,-0.9393954741567805,445.0,3
S02001724,-0.8311244863613043,507.0,3
S02001725,-0.7154469964941712,564.0,4
S02001726,-0.5527482975559271,656.0,5
S02001727,-0.6170166637999024,619.0,4
S02001728,-0.6578058078996993,592.0,4
S02001729,-0.9330146424556095,449.0,3
S02001730,-0.7442080479229721,549.0,4
S02001731,-0.43710002623034955,710.0,5
S02001732,-0.6522404547713184,596.0,4
S02001733,-0.7252098243614685,556.0,4
S02001734,-0.4549754492599934,698.0,5
S02001735,-1.2399025324939315,324.0,2
S02001736,-0.6282505168739825,613.0,4
S02001737,-0.44346355160109446,705.0,5
S02001738,-0.8183051809078692,517.0,4
S02001739,-0.55508177361435,655.0,5
S02001740,-0.81302777725267,519.0,4
S02001741,-0.19989614763820188,794.0,6
S02001742,-0.002015774697535888,836.0,6
S02001743,-0.2855094753414826,767.0,5
S02001744,-0.7916074895958854,528.0,4
S02001745,-0.7658923157563945,540.0,4
S02001746,-1.0338897917259886,404.0,3
S02001747,-0.7807057683612465,533.0,4
S02001748,-0.09830443683316027,815.0,6
S02001749,-0.8772211798270297,484.0,3
S02001750,-0.9025010466387581,466.0,3
S02001751,-1.2463867728546594,320.0,2
S02001752,-1.0670680899627736,388.0,3
S02001753,-1.3728119358833202,277.0,2
S02001754,-1.2942398647619258,306.0,2
S02001755,-1.1033870544877913,377.0,2
S02001756,-0.9411164847419317,444.0,3
S02001757,-0.6955066607845395,572.0,4
S02001758,-0.39663130080360237,724.0,5
S02001759,-0.43813391242759714,708.0,5
S02001760,-0.6198358783366265,618.0,4
S02001761,-0.673888976976134,583.0,4
S02001762,-0.6294175746424924,611.0,4
S02001763,-0.9031432084900017,465.0,3
S02001764,-1.0750768435381257,386.0,3
S02001765,-0.8593355761788414,495.0,3
S02001766,-0.8208293339874148,514.0,4
S02001767,-0.8195957614589783,516.0,4
S02001768,-1.085495833383669,381.0,2
S02001769,-1.313479843674894,296.0,2
S02001770,-1.356156356862394,288.0,2
S02001771,-1.2602003939783617,318.0,2
S02001772,-2.210019939169612,65.0,0
S02001773,-2.3545806472781257,46.0,0
S02001774,-1.4437024054461864,257.0,2
S02001775,-1.4270635283604693,263.0,2
S02001776,-1.4099316520899965,269.0,2
S02001777,-1.0132663067995242,416.0,3
S02001778,-0.8275868941287423,509.0,3
S02001779,-1.1482861365962531,359.0,2
S02001780,-1.0646336612938958,390.0,3
S02001781,-0.8932917119644197,474.0,3
S02001782,0.3011722411822954,915.0,7
S02001783,-0.7923411710028158,527.0,4
S02001784,-1.4013274594062912,272.0,2
S02001785,-1.1820829334127185,342.0,2
S02001786,-0.8974175696183027,470.0,3
S02001787,-1.370265882268416,279.0,2
S02001788,-1.2980961879066313,301.0,2
S02001789,-1.2988635846104757,300.0,2
S02001790,-1.2236852312030884,330.0,2
S02001791,-1.4626175864495796,250.0,1
S02001792,-1.471881307246221,244.0,1
S02001793,-1.7071609315054275,181.0,1
S02001794,-2.002542768101209,102.0,0
S02001795,-1.993655496406621,105.0,0
S02001796,-2.245186810307187,58.0,0
S02001797,-2.7385543663101384,19.0,0
S02001798,-1.6653528301280318,188.0,1
S02001799,-1.5952611135206731,204.0,1
S02001800,-1.1541917406942053,357.0,2
S02001801,-1.1402319650704504,363.0,2
S02001802,-1.482852516016828,242.0,1
S02001803,-2.181087530493998,73.0,0
S02001804,-1.993663841041675,104.0,0
S02001805,-2.51720254966912,34.0,0
S02001806,-2.3138579335862848,49.0,0
S02001807,-1.4449109348103095,256.0,1
S02001808,-1.464557635768689,249.0,1
S02001809,-1.1058977186468864,376.0,2
S02001810,-1.408675392847065,270.0,2
S02001811,-2.233282193668223,59.0,0
S02001812,-2.7504114639151576,17.0,0
S02001813,-3.258201472966706,10.0,0
S02001814,-3.324817143560501,9.0,0
S02001815,-3.962302180002205,5.0,0
S02001816,-5.229930761470046,4.0,0
S02001817,-10.026416237106423,1.0,0
S02001818,-5.59686988496118,3.0,0
S02001819,-8.298614697845215,2.0,0
S02001820,-3.8981883821682506,6.0,0
S02001821,-3.6088709843092457,8.0,0
S02001822,-2.076058513030134,87.0,0
S02001823,-1.8589415600212378,136.0,1
S02001824,-1.2626820278114694,317.0,2
S02001825,-0.3990186780645511,723.0,5
S02001826,-1.8096484259630987,158.0,1
S02001827,-1.415514753286466,268.0,2
S02001828,-1.585048802019054,208.0,1
S02001829,-2.0264151192144593,96.0,0
S02001830,-2.415251196845961,42.0,0
S02001831,-1.8536203957053847,137.0,1
S02001832,-1.2654403565571208,315.0,2
S02001833,-1.5276719149491411,226.0,1
S02001834,-0.46822999275540755,693.0,5
S02001835,-0.4308355514675235,713.0,5
S02001836,-1.3590000898575612,285.0,2
S02001837,-0.7227081859994684,559.0,4
S02001838,-0.33770833214172546,749.0,5
S02001839,-0.3608054518513117,741.0,5
S02001840,-0.13911467355232665,807.0,6
S02001841,-0.43959240813706674,707.0,5
S02001842,-1.2250670800795003,329.0,2
S02001843,-1.6366803823971052,196.0,1
S02001844,-1.8789764486715503,131.0,1
S02001845,-2.080000074450887,86.0,0
S02001846,-2.6873397757926605,21.0,0
S02001847,-2.51828467246725,33.0,0
S02001848,-2.8026530786793273,13.0,0
S02001849,-2.527574731740099,32.0,0
S02001850,-2.155391408228381,75.0,0
S02001851,-1.8995565111347135,125.0,0
S02001852,-1.9565366252322214,109.0,0
S02001853,-1.4598792068076654,252.0,1
S02001854,-1.3671504935383587,281.0,2
S02001855,-0.9289790242494088,454.0,3
S02001856,-0.9137204762368969,463.0,3
S02001857,-1.7090956142168348,180.0,1
S02001858,-1.824693060672102,150.0,1
S02001859,-0.7748188480867321,537.0,4
S02001860,-0.8946318530421019,473.0,3
S02001861,-1.2703855656301324,314.0,2
S02001862,-1.0625162973408175,392.0,3
S02001863,-1.041856072078153,401.0,3
S02001864,-1.5111730212759675,234.0,1
S02001865,-2.0637079148713515,90.0,0
S02001866,-2.1955282657859994,68.0,0
S02001867,-1.8891555758870575,128.0,0
S02001868,-1.5619526857355752,211.0,1
S02001869,-1.5023467589175425,236.0,1
S02001870,-1.550655086893448,217.0,1
S02001871,-1.5353558241114065,223.0,1
S02001872,-1.739026388163202,172.0,1
S02001873,-1.730213144667704,176.0,1
S02001874,-1.8181966155052005,154.0,1
S02001875,-1.5141927062353417,233.0,1
S02001876,-1.580165162884984,210.0,1
S02001877,-1.8718765006084264,133.0,1
S02001878,-1.8749588119655831,132.0,1
S02001879,-2.0004366041156993,103.0,0
S02001880,-1.8333956257148813,148.0,1
S02001881,-2.148725573704389,77.0,0
S02001882,-2.2191168490774276,63.0,0
S02001883,-2.485268166052301,37.0,0
S02001884,-2.318427411150285,48.0,0
S02001885,-2.195475354042587,69.0,0
S02001886,-2.136632151319942,78.0,0
S02001887,-2.1881630858655683,71.0,0
S02001888,-2.4259996831513955,41.0,0
S02001889,-2.2037232154692905,67.0,0
S02001890,-1.8174032604350998,155.0,1
S02001891,-2.228013386615841,61.0,0
S02001892,-2.6340154089286703,23.0,0
S02001893,-2.1161937227990757,81.0,0
S02001894,-1.6326960000889434,197.0,1
S02001895,-1.8691917736893946,134.0,1
S02001896,-1.949614409043048,113.0,0
S02001897,-1.837619226791805,142.0,1
S02001898,-1.843773500259688,140.0,1
S02001899,-1.834920663736244,146.0,1
S02001900,-1.7541934664115533,166.0,1
S02001901,-1.5170820867240988,231.0,1
S02001902,-1.9291342525191228,121.0,0
S02001903,-1.7016448934481323,183.0,1
S02001904,-1.4991293901226457,239.0,1
S02001905,-1.8350148271498792,145.0,1
S02001906,-2.2299941523687394,60.0,0
S02001907,-2.117314324374183,80.0,0
S02001908,-2.1107869364559964,82.0,0
S02001909,-2.064255660044415,89.0,0
S02001910,-1.9920375598314748,106.0,0
S02001911,-2.0955461836212064,84.0,0
S02001912,-2.0944057902870408,85.0,0
S02001913,-2.5570902850301236,29.0,0
S02001914,-2.2112770764980336,64.0,0
S02001915,-2.3108976905170815,50.0,0
S02001916,-2.4513038447883324,38.0,0
S02001917,-2.6042528634214515,26.0,0
S02001918,-2.388558704573877,45.0,0
S02001919,-2.7386912680349527,18.0,0
S02001920,-2.640970061055726,22.0,0
S02001921,-2.4434761811371337,39.0,0
S02001922,-2.2673274028635046,55.0,0
S02001923,-2.02570145791147,97.0,0
S02001924,-2.2091958432461922,66.0,0
S02001925,-2.4082579671958353,44.0,0
S02001926,-2.1730674371524765,74.0,0
S02001927,-1.6533151514929014,192.0,1
S02001928,-1.7982264194614397,161.0,1
S02001929,-1.7362944814529337,173.0,1
S02001930,-1.6465369326897288,194.0,1
S02001931,-2.1921571198442353,70.0,0
S02001932,-2.6172696919348786,25.0,0
S02001933,-1.833597486620325,147.0,1
S02001934,-1.8090375712973363,160.0,1
S02001935,-1.142187872438511,362.0,2
S02001936,-0.8434463317542241,504.0,3
S02001937,-0.9815511721371202,425.0,3
S02001938,-1.7523062925835673,167.0,1
S02001939,-1.3376173886088258,291.0,2
S02001940,-1.8373796466207881,143.0,1
S02001941,-1.1102839788455459,374.0,2
S02001942,-2.058583639028306,92.0,0
S02001943,-1.8826805211002104,130.0,1
S02001944,-2.2473901401129015,57.0,0
S02001945,-1.367142867166422,282.0,2
S02001946,-1.1615972270210058,353.0,2
S02001947,-1.425065500425353,265.0,2
S02001948,-1.5263674369677407,227.0,1
S02001949,-1.3106674534725011,297.0,2
S02001950,-0.688623198075533,575.0,4
S02001951,-0.8004374276720212,525.0,4
S02001952,-0.8014284308652928,524.0,4
S02001953,-0.7286777309382689,553.0,4
S02001954,-0.3696797026326701,736.0,5
S02001955,-0.4840273477157998,683.0,5
S02001956,-0.2765591208450121,769.0,6
S02001957,-0.4633733650792813,695.0,5
S02001958,-0.3615030691889563,740.0,5
S02001959,-0.36731307005501534,738.0,5
S02001960,-0.06438017006755034,820.0,6
S02001961,0.18516664666244229,882.0,6
S02001962,-0.22363882530012777,790.0,6
S02001963,-0.38710209898618114,726.0,5
S02001964,-1.165813505685842,348.0,2
S02001965,-0.8597657296733262,494.0,3
S02001966,-0.8750262953759096,486.0,3
S02001967,-0.8449756243643415,503.0,3
S02001968,-0.9830225079678712,424.0,3
S02001969,-0.8383885173543646,506.0,3
S02001970,-0.8813821571557412,480.0,3
S02001971,-1.2901988306847836,308.0,2
S02001972,-1.3307428152557785,295.0,2
S02001973,-0.9753978438811823,430.0,3
S02001974,-1.3561756029641008,287.0,2
S02001975,-1.361170095396203,284.0,2
S02001976,-1.462483070277516,251.0,1
S02001977,-1.4313850321668249,261.0,2
S02001978,3.815887486719127,1269.0,9
S02001979,0.3042748601672976,916.0,7
S02001980,3.467257147191447,1263.0,9
S02001981,2.593551823376469,1243.0,9
S02001982,0.33627273847751066,922.0,7
S02001983,-0.5575750219080025,651.0,5
S02001984,-0.23655582530747604,786.0,6
S02001985,-1.1561491796124377,356.0,2
S02001986,-0.9738108009307225,431.0,3
S02001987,-0.9762402469462109,429.0,3
S02001988,-1.2105603135861036,333.0,2
S02001989,-1.955924258222119,111.0,0
S02001990,-2.0573774664605313,93.0,0
S02001991,-1.9559597416137828,110.0,0
S02001992,-2.07342369185456,88.0,0
S02001993,-1.7846435718247413,162.0,1
S02001994,-1.8139881039293164,156.0,1
S02001995,-1.818343458880242,153.0,1
S02001996,-2.6931766445780454,20.0,0
S02001997,-2.791467218661439,15.0,0
S02001998,-1.5259966106669247,228.0,1
S02001999,-1.1812888272466295,343.0,2
S02002000,-1.6560567695783315,191.0,1
S02002001,-1.3977284469676101,273.0,2
S02002002,-1.5394318268852516,222.0,1
S02002003,-1.705050516882851,182.0,1
S02002004,-1.768584854553601,165.0,1
S02002005,-0.822353480703356,512.0,3
S02002006,-0.21912213195730165,792.0,6
S02002007,1.1903836563734038,1101.0,8
S02002008,2.078381251727937,1203.0,9
S02002009,0.9617336815653754,1071.0,8
S02002010,0.7824144857960776,1035.0,8
S02002011,0.9331074984685221,1056.0,8
S02002012,0.23200778756491872,893.0,6
S02002013,-0.8215224076446437,513.0,4
S02002014,-0.6763105219097886,581.0,4
S02002015,-1.810744516640073,157.0,1
S02002016,-1.8604773921642805,135.0,1
S02002017,-1.9424215744352362,115.0,0
S02002018,-1.7144265307829363,179.0,1
S02002019,-1.5514714761962303,216.0,1
S02002020,-1.3313275244847353,294.0,2
S02002021,-1.0839760193303623,384.0,2
S02002022,-0.16669922879791765,802.0,6
S02002023,-0.025714680260922468,828.0,6
S02002024,1.2252821341536964,1106.0,8
S02002025,1.5982378941271602,1153.0,9
S02002026,2.833676255018719,1251.0,9
S02002027,0.60800081940065,1006.0,7
S02002028,0.9339539519531107,1058.0,8
S02002029,3.4371440454746587,1261.0,9
S02002030,3.7054503388783706,1268.0,9
S02002031,4.661341641785553,1276.0,9
S02002032,4.59601246700959,1275.0,9
S02002033,2.4569110639467913,1239.0,9
S02002034,-0.22337651761195904,791.0,6
S02002035,-0.6470155953075172,599.0,4
S02002036,0.21025369173853659,888.0,6
S02002037,0.09090690404082802,857.0,6
S02002038,0.018109049497834116,841.0,6
S02002039,-0.17873595468343992,801.0,6
S02002040,-0.14082740373845867,806.0,6
S02002041,-0.5061628001931114,675.0,5
S02002042,-0.567743355492496,646.0,5
S02002043,-1.0848692131060405,383.0,2
S02002044,-0.7745743516039199,538.0,4
S02002045,-1.086587291015299,380.0,2
S02002046,-0.8532088303933254,500.0,3
S02002047,-0.5935368554103717,629.0,4
S02002048,-0.5999027366017198,627.0,4
S02002049,-0.9155815410775997,462.0,3
S02002050,-0.8644229125676913,492.0,3
S02002051,1.0675437136282753,1088.0,8
S02002052,2.0093449982438396,1194.0,9
S02002053,1.8072868518319554,1176.0,9
S02002054,1.982982979614809,1189.0,9
S02002055,1.993009191774113,1191.0,9
S02002056,1.1750107002318242,1099.0,8
S02002057,0.7990877967800719,1038.0,8
S02002058,0.5977074499568322,1002.0,7
S02002059,0.07388300943379564,855.0,6
S02002060,0.427114327490314,953.0,7
S02002061,0.12501094296133772,866.0,6
S02002062,0.367689969167619,933.0,7
S02002063,0.28888168008683995,909.0,7
S02002064,0.2966683088291806,913.0,7
S02002065,0.3044871836229928,917.0,7
S02002066,0.6866226465594123,1016.0,7
S02002067,0.3103198364009995,919.0,7
S02002068,0.1197658096959693,865.0,6
S02002069,-0.023912867806274347,829.0,6
S02002070,-0.07621002425622637,817.0,6
S02002071,0.3718410816724802,935.0,7
S02002072,0.5269924746880957,982.0,7
S02002073,0.1339114493544932,870.0,6
S02002074,0.27200265240666044,904.0,7
S02002075,0.3898243794547746,943.0,7
S02002076,0.9535517996330489,1065.0,8
S02002077,0.3538391004647225,928.0,7
S02002078,0.10220835672528206,859.0,6
S02002079,-0.22519655643815162,789.0,6
S02002080,0.712497443855095,1022.0,7
S02002081,0.9511494407928275,1063.0,8
S02002082,0.2428386778801668,898.0,7
S02002083,0.23401281516677735,895.0,6
S02002084,-0.37103236011518387,734.0,5
S02002085,-0.9102708835563209,464.0,3
S02002086,-0.5024864618306087,678.0,5
S02002087,-0.019027239837646703,830.0,6
S02002088,-0.06027964095997187,822.0,6
S02002089,-0.0028168559899160745,835.0,6
S02002090,0.17686249987933755,880.0,6
S02002091,0.13534239621496438,871.0,6
S02002092,0.1448785267764839,873.0,6
S02002093,0.03837755889246655,846.0,6
S02002094,0.021110552698863944,842.0,6
S02002095,0.22800437731283435,892.0,6
S02002096,-0.25950924173073303,775.0,6
S02002097,0.16907787463461071,879.0,6
S02002098,-0.2387998171919417,785.0,6
S02002099,-0.4886186616229459,681.0,5
S02002100,-0.37615934469531115,732.0,5
S02002101,-0.633245713896771,608.0,4
S02002102,-0.9357085324210974,448.0,3
S02002103,-1.2362749533444999,327.0,2
S02002104,-0.7007220921326349,567.0,4
S02002105,-0.9536869688325801,440.0,3
S02002106,-1.1842059169068326,341.0,2
S02002107,-0.9808850344636725,426.0,3
S02002108,-0.8957264682923516,472.0,3
S02002109,-0.5922231053827094,631.0,4
S02002110,-0.5569816387864632,653.0,5
S02002111,-0.3843840643210425,728.0,5
S02002112,-0.32104214270040127,757.0,5
S02002113,-0.29355096234488065,764.0,5
S02002114,-0.291634859524959,765.0,5
S02002115,-0.37215093243114256,733.0,5
S02002116,-0.4449391712720508,704.0,5
S02002117,-0.6620184727396636,590.0,4
S02002118,-0.6220501758270119,617.0,4
S02002119,-0.5061159894645127,676.0,5
S02002120,-0.5211717509448207,669.0,5
S02002121,-0.5462236057439742,660.0,5
S02002122,-0.47155716801547193,691.0,5
S02002123,-0.5486934829308147,659.0,5
S02002124,0.10949443848320978,861.0,6
S02002125,-0.5259917890048185,664.0,5
S02002126,-0.5208112759070275,670.0,5
S02002127,-0.4265165899063517,714.0,5
S02002128,-0.7360303137995322,552.0,4
S02002129,-0.336689590657567,751.0,5
S02002130,-0.5579392851234233,650.0,5
S02002131,-1.6578695261068939,190.0,1
S02002132,-1.9314509013790655,119.0,0
S02002133,-0.9585431689097964,438.0,3
S02002134,-1.0573201843393192,394.0,3
S02002135,-0.3958251244238778,725.0,5
S02002136,-0.42041497916916154,716.0,5
S02002137,-0.4062952049706459,720.0,5
S02002138,-0.6409372978165823,602.0,4
S02002139,-0.650828364074844,597.0,4
S02002140,-0.8303771799348624,508.0,3
S02002141,-0.9778105485335038,428.0,3
S02002142,-1.1342096875143577,364.0,2
S02002143,-1.0850781145977961,382.0,2
S02002144,-1.0163231534703556,414.0,3
S02002145,-0.8821498613016758,479.0,3
S02002146,-1.5580813477088795,214.0,1
S02002147,-3.1865549670360975,11.0,0
S02002148,-2.510033975627941,35.0,0
S02002149,-1.3909820671923523,274.0,2
S02002150,-0.853531596414859,499.0,3
S02002151,-1.056659197934273,396.0,3
S02002152,-0.9226009543695282,458.0,3
S02002153,-0.5839302109080419,633.0,4
S02002154,-0.7578375089456453,543.0,4
S02002155,-0.9241870774988433,457.0,3
S02002156,-0.6546440316039055,595.0,4
S02002157,-0.5643853629258939,647.0,5
S02002158,-0.680950581044909,577.0,4
S02002159,-0.6973077810317669,570.0,4
S02002160,-0.524622073739915,665.0,5
S02002161,-0.8797277298777472,481.0,3
S02002162,-0.8259252646462518,510.0,3
S02002163,-0.9792246248818619,427.0,3
S02002164,-0.9325125633824508,451.0,3
S02002165,-0.9713577927601932,432.0,3
S02002166,-0.7198354306464544,561.0,4
S02002167,-0.6133431623729103,623.0,4
S02002168,-0.9696355900720401,433.0,3
S02002169,-0.8678948148955676,489.0,3
S02002170,-0.4778087531550829,690.0,5
S02002171,-0.32496791032563066,755.0,5
S02002172,-0.3581314330934389,743.0,5
S02002173,-0.3671137839258887,739.0,5
S02002174,-0.6351712753103586,606.0,4
S02002175,-0.36885031526967377,737.0,5
S02002176,-0.45275957009722534,701.0,5
S02002177,-0.5386076744164279,661.0,5
S02002178,-0.5562681756195836,654.0,5
S02002179,-0.6140444728638628,622.0,4
S02002180,-0.6731098930199569,584.0,4
S02002181,-0.6608292057593402,591.0,4
S02002182,-0.6311092188345617,609.0,4
S02002183,-0.5921820885908035,632.0,4
S02002184,-0.5770147827625624,638.0,4
S02002185,-0.5703153401070146,644.0,5
S02002186,-0.5091010398630266,674.0,5
S02002187,-0.5202567673436173,671.0,5
S02002188,-0.5769845508718244,639.0,4
S02002189,-0.551568008088459,657.0,5
S02002190,-0.9910627263445464,421.0,3
S02002191,-0.6094697152935373,624.0,4
S02002192,-0.7864530320105003,530.0,4
S02002193,-2.290354553746057,52.0,0
S02002194,-1.930835506839989,120.0,0
S02002195,-1.4467247170452457,254.0,1
S02002196,-1.2077606384005104,334.0,2
S02002197,-0.9536939199376722,439.0,3
S02002198,-0.8825394421778963,478.0,3
S02002199,-0.8169941141861937,518.0,4
S02002200,-0.8878480739186491,476.0,3
S02002201,-0.8509272344659575,501.0,3
S02002202,-1.5073453778572687,235.0,1
S02002203,-1.4723526483929508,243.0,1
S02002204,-0.677074362635484,580.0,4
S02002205,-0.3556183128079491,745.0,5
S02002206,-0.9186710925940975,461.0,3
S02002207,-1.1144197642524345,371.0,2
S02002208,-1.0141935880423714,415.0,3
S02002209,-0.8999692049441331,468.0,3
S02002210,-0.8850988026497961,477.0,3
S02002211,-1.0320852307124173,407.0,3
S02002212,-1.164074627831773,350.0,2
S02002213,2.3841459756191847,1237.0,9
S02002214,3.5056218826947543,1264.0,9
S02002215,2.790412851897014,1250.0,9
S02002216,1.9510425730066816,1186.0,9
S02002217,2.203176356593194,1215.0,9
S02002218,3.461945767052916,1262.0,9
S02002219,-1.03474717087114,403.0,3
S02002220,-0.2607978464890498,774.0,6
S02002221,-0.5243580926115065,666.0,5
S02002222,0.4502751613676369,959.0,7
S02002223,1.515581420221129,1141.0,8
S02002224,0.9804855305230777,1075.0,8
S02002225,0.10074203970092853,858.0,6
S02002226,-0.008552540446710895,834.0,6
S02002227,0.5888714858817394,1000.0,7
S02002228,-0.060855482287761484,821.0,6
S02002229,-0.24770988309370578,779.0,6
S02002230,0.4583505317266934,963.0,7
S02002231,0.3934235927369319,946.0,7
S02002232,0.49050119520217383,972.0,7
S02002233,0.5089157045042895,975.0,7
S02002234,0.5220506903715737,980.0,7
S02002235,0.5360970752739864,989.0,7
S02002236,0.5587578211339987,993.0,7
S02002237,0.5801957480597727,997.0,7
S02002238,0.7408816291263841,1029.0,8
S02002239,0.45331494950442386,961.0,7
S02002240,0.4746227617397371,967.0,7
S02002241,0.48402893478667025,969.0,7
S02002242,0.4470144258443464,958.0,7
S02002243,0.7146339243412944,1023.0,7
S02002244,0.033228197253346255,844.0,6
S02002245,0.400971607718572,947.0,7
S02002246,0.1884976768292802,884.0,6
S02002247,0.7675100169145731,1031.0,8
S02002248,1.0113792369131533,1082.0,8
S02002249,1.1299397479589353,1092.0,8
S02002250,0.6106691998819628,1007.0,7
S02002251,0.781116848664159,1034.0,8
S02002252,0.9663308889058908,1072.0,8
S02002253,1.5935731977196221,1152.0,9
S02002254,-1.1288299055321416,366.0,2
S02002255,-1.2793415495719593,310.0,2
S02002256,-1.026371151461238,410.0,3
S02002257,-1.6680283376225469,187.0,1
S02002258,-1.7436262380577363,171.0,1
S02002259,-1.9542351919595526,112.0,0
S02002260,-1.746900177633056,168.0,1
S02002261,-1.83509209947639,144.0,1
S02002262,-1.4715868572285071,245.0,1
S02002263,-0.9250063362503519,456.0,3
S02002264,-1.603983430947204,203.0,1
S02002265,-1.5197637171959897,230.0,1
S02002266,-1.6315036798467588,199.0,1
S02002267,-1.5334418460079033,224.0,1
S02002268,-1.4894818686724542,241.0,1
S02002269,-1.4418887510737795,258.0,2
S02002270,-1.5526578273272975,215.0,1
S02002271,-1.6943048427065843,185.0,1
S02002272,-1.9732572186170612,108.0,0
S02002273,-1.8454090135365295,139.0,1
S02002274,-1.729224615118314,177.0,1
S02002275,-1.6322480663068952,198.0,1
S02002276,-1.8205850872126752,151.0,1
S02002277,-1.3565292307383225,286.0,2
S02002278,-1.1774297376741614,345.0,2
S02002279,-1.0521601609526636,398.0,3
S02002280,-0.9691854338065615,434.0,3
S02002281,-0.8239552472904225,511.0,3
S02002282,-0.9887219518008584,422.0,3
S02002283,-1.0522591684758327,397.0,3
S02002284,-0.873275357644293,487.0,3
S02002285,-0.2914202784151487,766.0,5
S02002286,-0.8049662024821113,522.0,4
S02002287,-1.8096256140628684,159.0,1
S02002288,-1.6528166939282782,193.0,1
S02002289,-1.3642247047984561,283.0,2
S02002290,-1.1628027426783598,352.0,2
S02002291,-1.0996919679103134,378.0,2
S02002292,1.395774147786642,1128.0,8
S02002293,2.38051122355449,1236.0,9
S02002294,2.3008796486748926,1225.0,9
S02002295,2.1239391303328294,1206.0,9
S02002296,2.066787512809475,1201.0,9
S02002297,2.649185809619228,1245.0,9
S02002298,2.3104412607634432,1227.0,9
S02002299,2.307415186580777,1226.0,9
S02002300,2.2480196337912086,1219.0,9
S02002301,2.4000495509770134,1238.0,9
S02002302,1.7984184404874262,1172.0,9
S02002303,2.089139922104634,1205.0,9
S02002304,1.236855169109011,1107.0,8
S02002305,2.032262122789158,1197.0,9
S02002306,3.3627183224833903,1259.0,9
S02002307,2.0727522824334397,1202.0,9
S02002308,2.6304819113207465,1244.0,9
S02002309,2.4627127644482902,1240.0,9
S02002310,1.5442542800496726,1148.0,8
S02002311,1.7400829072235553,1168.0,9
S02002312,2.6845571204788765,1247.0,9
S02002313,2.3749761062437558,1234.0,9
S02002314,3.355709895406699,1258.0,9
S02002315,2.18363087300328,1212.0,9
S02002316,2.2898943791907347,1223.0,9
S02002317,2.179486147522396,1210.0,9
S02002318,2.2410041686012185,1218.0,9
S02002319,2.1974716080599954,1213.0,9
S02002320,2.1820109125814096,1211.0,9
S02002321,3.168088805170837,1255.0,9
S02002322,4.0331286308124445,1272.0,9
S02002323,3.3293183064178957,1257.0,9
S02002324,3.9582205625138425,1270.0,9
S02002325,4.005430698076957,1271.0,9
S02002326,5.220460034693558,1278.0,9
S02002327,5.126562342779013,1277.0,9
S02002328,5.713889631280534,1279.0,9
S02002329,-0.8750521654888582,485.0,3
S02002330,-1.194737660050681,339.0,2
S02002331,-1.1961340615437495,338.0,2
S02002332,-0.8579333478963415,498.0,3
S02002333,-1.9380437160113393,117.0,0
S02002334,-2.4099604612895087,43.0,0
S02002335,-2.4883999569312754,36.0,0
S02002336,-3.748007490188469,7.0,0
S02002337,-2.7690356788654302,16.0,0
S02002338,-2.6219906667300426,24.0,0
S02002339,-1.9091036993842216,124.0,0
S02002340,-1.888765276236295,129.0,1
S02002341,-2.2274768175284967,62.0,0
S02002342,-1.9444398859376577,114.0,0
S02002343,-1.940175846302018,116.0,0
S02002344,-1.8186798003189246,152.0,1
S02002345,-1.7728726451799275,163.0,1
S02002346,-1.5465652070836997,219.0,1
S02002347,-1.5166982309650776,232.0,1
S02002348,-1.2002546129172325,337.0,2
S02002349,-0.9275903018925086,455.0,3
S02002350,0.19663239823628498,885.0,6
S02002351,-0.09927614622561007,814.0,6
S02002352,-0.06464658682196636,819.0,6
S02002353,-0.7126756337664562,565.0,4
S02002354,-0.21252680030312454,793.0,6
S02002355,0.2636283573415389,901.0,7
S02002356,-0.053738101380615605,823.0,6
S02002357,-0.44778435329397265,703.0,5
S02002358,-1.164309695597807,349.0,2
S02002359,-2.1519898157253725,76.0,0
S02002360,-2.302927926659272,51.0,0
S02002361,-1.7465518165779783,169.0,1
S02002362,-1.7716176424127137,164.0,1
S02002363,-1.0320761047833376,408.0,3
S02002364,-1.2044076829536943,336.0,2
S02002365,-1.3402602401864985,290.0,2
S02002366,-0.7953962718985702,526.0,4
S02002367,-0.2407598654891948,784.0,6
S02002368,0.1147417331212399,863.0,6
S02002369,0.3074875615066577,918.0,7
S02002370,0.9950895395642516,1077.0,8
S02002371,-0.010184418738738035,833.0,6
S02002372,0.3500355544304228,926.0,7
S02002373,0.39100190020329073,944.0,7
S02002374,0.29746618028270205,914.0,7
S02002375,0.20886093355010582,887.0,6
S02002376,-0.09316818141137578,816.0,6
S02002377,-0.4649495204435761,694.0,5
S02002378,-0.604675308127996,626.0,4
S02002379,-0.24252309765800298,782.0,6
S02002380,-0.1409836460733485,805.0,6
S02002381,-0.22751933143066766,787.0,6
S02002382,-0.24370986656850074,781.0,6
S02002383,-0.13290855332861123,809.0,6
S02002384,0.14878441756812077,874.0,6
S02002385,-0.31570247315896005,760.0,5
S02002386,-0.19764171650045384,795.0,6
S02002387,-0.2585419792957935,776.0,6
S02002388,-0.38159013731771685,729.0,5
S02002389,-0.5785931107969159,635.0,4
S02002390,-0.657467735067207,593.0,4
S02002391,-0.6251906736600646,614.0,4
S02002392,-0.5696057068065171,645.0,5
S02002393,-0.7807820115490536,532.0,4
S02002394,-0.5731448280075496,642.0,5
S02002395,-0.8673216501574749,491.0,3
S02002396,-0.9203473952684045,459.0,3
S02002397,-0.6225218378174022,616.0,4
S02002398,-0.719553612831672,562.0,4
S02002399,-0.752349301060849,547.0,4
S02002400,-0.7765134904649162,534.0,4
S02002401,-0.8970754750211484,471.0,3
S02002402,-1.2123152573387301,332.0,2
S02002403,-1.245162527917341,322.0,2
S02002404,-1.2063617695403328,335.0,2
S02002405,-1.588832964295886,206.0,1
S02002406,-1.2943409843523987,305.0,2
S02002407,-2.063575980113947,91.0,0
S02002408,-2.0208194766056606,98.0,0
S02002409,-2.577326300334107,28.0,0
S02002410,-2.801234124694833,14.0,0
S02002411,-2.431741767248089,40.0,0
S02002412,-2.2770689252468386,54.0,0
S02002413,-2.0981278436593525,83.0,0
S02002414,-2.033761140248362,95.0,0
S02002415,-1.9351316231767437,118.0,0
S02002416,-1.0656349393562183,389.0,3
S02002417,-0.7641948721316786,541.0,4
S02002418,-0.7761684689948388,535.0,4
S02002419,-1.0422378708247035,400.0,3
S02002420,-0.7698802904801126,539.0,4
S02002421,-0.8880740650743274,475.0,3
S02002422,-1.076261934950624,385.0,3
S02002423,-1.1070788809931895,375.0,2
S02002424,-1.2760339156839537,311.0,2
S02002425,-1.5012888091101393,238.0,1
S02002426,-1.4323220073479215,260.0,2
S02002427,-1.404499765200154,271.0,2
S02002428,-1.3782931953346338,276.0,2
S02002429,-1.1856465521657586,340.0,2
S02002430,-1.096132512411143,379.0,2
S02002431,-1.153544763966166,358.0,2
S02002432,-1.1807970726001862,344.0,2
S02002433,-1.2260396692145368,328.0,2
S02002434,-1.043535553937832,399.0,3
S02002435,-0.9311724444527576,452.0,3
S02002436,-0.8684419255417744,488.0,3
S02002437,-0.2578383162459384,777.0,6
S02002438,-0.03894105186519542,825.0,6
S02002439,-0.034174224209991624,827.0,6
S02002440,-0.2970125909015858,763.0,5
S02002441,-0.26660392699560054,772.0,6
S02002442,0.27118548486695443,902.0,7
S02002443,0.064050391238375,852.0,6
S02002444,0.2834753462368424,908.0,7
S02002445,0.21661426448896912,889.0,6
S02002446,0.056432601314831306,849.0,6
S02002447,0.34267151355875836,923.0,7
S02002448,0.041090156319053155,847.0,6
S02002449,-0.0713214406353626,818.0,6
S02002450,-1.0238218434979147,411.0,3
S02002451,-0.6372582500411519,605.0,4
S02002452,-0.484951795010522,682.0,5
S02002453,0.41473877705548867,950.0,7
S02002454,-0.2822755267092905,768.0,6
S02002455,0.4168345405057257,951.0,7
S02002456,1.1590410840779664,1095.0,8
S02002457,0.6561603279128588,1014.0,7
S02002458,1.0173681996722919,1083.0,8
S02002459,1.1718544042245724,1098.0,8
S02002460,-1.2593088367876983,319.0,2
S02002461,-1.1561606546229695,355.0,2
S02002462,-1.2816525836327817,309.0,2
S02002463,-1.2745912107579755,312.0,2
S02002464,-1.2140671254774686,331.0,2
S02002465,-1.2458762454960068,321.0,2
S02002466,-0.919714224656909,460.0,3
S02002467,-1.005962247781071,418.0,3
S02002468,-0.6647442859591823,588.0,4
S02002469,-0.7083891461153088,566.0,4
S02002470,-0.7232232916727609,558.0,4
S02002471,-0.6997253530799471,568.0,4
S02002472,-0.7550883942552619,545.0,4
S02002473,-0.5504557953548819,658.0,5
S02002474,-0.6087825052274409,625.0,4
S02002475,-0.05067556404654169,824.0,6
S02002476,-0.4790015503227587,688.0,5
S02002477,-0.6712210490483955,585.0,4
S02002478,-0.8023987229350688,523.0,4
S02002479,-0.527477214589159,663.0,5
S02002480,-0.46963400083074786,692.0,5
S02002481,-0.32226904783705357,756.0,5
S02002482,0.3572656911408312,929.0,7
S02002483,-0.1845712643228522,800.0,6
S02002484,0.0034060353452636002,838.0,6
S02002485,-0.4367015550451984,711.0,5
S02002486,-0.7280736542521908,554.0,4
S02002487,-1.3313829492872125,293.0,2
S02002488,-1.1150820876756058,370.0,2
S02002489,-0.8503821327321432,502.0,3
S02002490,-1.3708740664210801,278.0,2
S02002491,-0.9462682147796879,442.0,3
S02002492,-0.5570585302312491,652.0,5
S02002493,-0.5212588467311049,668.0,5
S02002494,-0.46154510457736064,697.0,5
S02002495,-0.3562250038479141,744.0,5
S02002496,-0.35850932329383794,742.0,5
S02002497,-0.7481414440337959,548.0,4
S02002498,-1.2368774651940677,326.0,2
S02002499,-0.9307452856457792,453.0,3
S02002500,-1.1436450523428263,361.0,2
S02002501,-1.132045483195717,365.0,2
S02002502,-0.5711070908322723,643.0,5
S02002503,-0.37014100750428813,735.0,5
S02002504,-0.24404749259648137,780.0,6
S02002505,-0.4916468134231424,680.0,5
S02002506,-0.6401237653311751,603.0,4
S02002507,-0.3183799909399489,758.0,5
S02002508,0.33057831528774856,921.0,7
S02002509,-0.014768396534559228,831.0,6
S02002510,-0.48065404694643804,687.0,5
S02002511,-0.47889950042731383,689.0,5
S02002512,-0.5770323925674595,637.0,4
S02002513,-0.4376063043187098,709.0,5
S02002514,-0.5638810282629356,648.0,5
