lsoa21_code,loneliness_zscore,rank,deciles
W01000003,0.922460140552559,1200.0,6.0
W01000004,0.47914109697158463,929.0,4.0
W01000005,-1.1217999494139588,334.0,1.0
W01000006,-0.7485364864227587,436.0,2.0
W01000007,-0.632530081578626,470.0,2.0
W01000008,-1.6925051425151256,209.0,1.0
W01000009,-0.26689886861870815,576.0,3.0
W01000010,0.24432846337541717,777.0,4.0
W01000011,-3.5067892641644987,71.0,0.0
W01000012,-2.6522180938317814,127.0,0.0
W01000013,-1.7578396803847136,206.0,1.0
W01000014,-2.4259190875329226,140.0,0.0
W01000015,-2.6301683223756056,129.0,0.0
W01000016,0.6017248254849448,1004.0,5.0
W01000017,-3.3326258424806756,84.0,0.0
W01000018,-0.33513253708225926,553.0,2.0
W01000019,-0.5370861871913178,496.0,2.0
W01000021,-0.04260217785059386,662.0,3.0
W01000022,-1.8193486327431523,197.0,1.0
W01000023,-1.3959412455463018,269.0,1.0
W01000024,-1.5301764918103167,246.0,1.0
W01000025,-1.2699217430263219,297.0,1.0
W01000026,-1.1812331470386341,320.0,1.0
W01000027,-2.2730926277041656,157.0,0.0
W01000028,-0.9220576547204931,390.0,2.0
W01000029,-5.860055363783045,10.0,0.0
W01000030,-0.1375129803902622,628.0,3.0
W01000031,-0.8500770046127201,409.0,2.0
W01000033,-5.779253256639601,12.0,0.0
W01000034,-0.26853516480908224,574.0,3.0
W01000035,-1.5815227388028075,235.0,1.0
W01000036,-0.8560155421433093,407.0,2.0
W01000037,0.2580692651631799,794.0,4.0
W01000038,-2.839110276794846,115.0,0.0
W01000040,-2.6290936661354882,130.0,0.0
W01000041,-2.701732558337995,124.0,0.0
W01000042,-2.5712992833387647,134.0,0.0
W01000044,-2.3065346386850214,154.0,0.0
W01000047,-0.39307659244296544,535.0,2.0
W01000050,-1.139363385533816,326.0,1.0
W01000051,0.8433955335969447,1143.0,5.0
W01000052,-2.9404767997715715,109.0,0.0
W01000053,-3.3740147349025382,78.0,0.0
W01000054,-4.983772904590462,24.0,0.0
W01000056,3.627756283671664,1895.0,9.0
W01000057,0.25246971536986273,786.0,4.0
W01000059,-4.577610163716728,33.0,0.0
W01000060,0.17559999053898268,742.0,3.0
W01000061,0.34599650854890407,846.0,4.0
W01000062,-0.5655450834365605,490.0,2.0
W01000063,-1.5536618027212072,241.0,1.0
W01000064,-6.225455558390529,7.0,0.0
W01000065,5.316876552738566,1906.0,9.0
W01000066,-3.4560502956179078,73.0,0.0
W01000067,0.2240139219895402,770.0,4.0
W01000068,0.30100118910837415,821.0,4.0
W01000070,0.18206218318825212,746.0,3.0
W01000071,-0.04487519884766462,661.0,3.0
W01000072,-4.71080718396238,28.0,0.0
W01000073,-2.723682062058864,121.0,0.0
W01000074,-1.350391991759921,280.0,1.0
W01000075,-1.9049098751954157,188.0,0.0
W01000076,-0.2720726691670201,573.0,2.0
W01000077,-0.26618572703234056,577.0,3.0
W01000078,-1.2308648591907574,306.0,1.0
W01000080,0.16454721177379525,736.0,3.0
W01000081,-1.2280522672571412,308.0,1.0
W01000082,-0.9591448321132774,378.0,1.0
W01000083,-0.0309888479760616,664.0,3.0
W01000084,0.37507380661944184,868.0,4.0
W01000085,-0.13014685225990405,631.0,3.0
W01000086,-2.3278007684883555,151.0,0.0
W01000087,-3.7059086444279385,59.0,0.0
W01000088,-3.320406832781268,87.0,0.0
W01000089,-0.7193722588913146,443.0,2.0
W01000090,-1.1171308823300172,335.0,1.0
W01000091,-0.7594695405806358,431.0,2.0
W01000092,-0.3255766751267551,554.0,2.0
W01000093,-4.084042342249804,52.0,0.0
W01000094,0.4535122879712697,915.0,4.0
W01000095,0.8501093668728814,1150.0,6.0
W01000096,0.4834197282128641,931.0,4.0
W01000097,0.7518144733766114,1083.0,5.0
W01000098,-5.490262084896545,14.0,0.0
W01000099,-2.947292670852997,108.0,0.0
W01000100,-0.5546735605556367,493.0,2.0
W01000101,-1.2018753460957898,315.0,1.0
W01000102,-7.094612774906655,2.0,0.0
W01000103,-4.202598096193013,46.0,0.0
W01000104,-0.9319665413876993,386.0,2.0
W01000105,-4.304694459794725,41.0,0.0
W01000106,-4.763420613949402,27.0,0.0
W01000107,-1.578804165453065,236.0,1.0
W01000108,0.21237526951322622,761.0,3.0
W01000109,0.2569944937888397,792.0,4.0
W01000110,-8.161988747803155,1.0,0.0
W01000111,-5.808101502520287,11.0,0.0
W01000112,-2.385658225634797,145.0,0.0
W01000113,2.7796549503827004,1862.0,9.0
W01000114,0.2163320936860211,766.0,4.0
W01000115,-0.9438521916101485,382.0,1.0
W01000116,-0.28387461044258694,569.0,2.0
W01000117,0.3370698233452817,841.0,4.0
W01000118,-2.0238813871016554,180.0,0.0
W01000119,-2.417251621480966,142.0,0.0
W01000121,-0.3430947796029521,550.0,2.0
W01000122,-1.6580684636999576,216.0,1.0
W01000123,0.041286662157197326,692.0,3.0
W01000124,-0.5290646683612613,499.0,2.0
W01000125,0.29397048923427854,812.0,4.0
W01000126,-1.3912671145026836,272.0,1.0
W01000127,-1.3156395745230567,286.0,1.0
W01000128,-1.4290191001062358,265.0,1.0
W01000129,0.2555538743563656,790.0,4.0
W01000130,-0.26791482708640313,575.0,3.0
W01000131,-0.24551989655794212,588.0,3.0
W01000132,0.6521526272388384,1030.0,5.0
W01000133,0.5204675238828814,951.0,4.0
W01000134,-4.510170832635028,35.0,0.0
W01000135,0.7276057635872116,1074.0,5.0
W01000136,0.6347338269823118,1023.0,5.0
W01000137,-2.2987999640225696,155.0,0.0
W01000138,-1.4465374308695143,258.0,1.0
W01000139,-1.6221054852310897,222.0,1.0
W01000140,-2.7627471431094737,119.0,0.0
W01000141,-0.47710369758935495,512.0,2.0
W01000142,-0.7371275492476701,440.0,2.0
W01000143,-2.708518714871552,122.0,0.0
W01000144,-2.3115199825574866,153.0,0.0
W01000145,-1.5958954411672677,234.0,1.0
W01000146,0.4730117153965802,925.0,4.0
W01000147,0.6308226969351836,1022.0,5.0
W01000148,-4.931360463583857,25.0,0.0
W01000149,-0.6423252384734791,465.0,2.0
W01000150,-1.4667822328890123,255.0,1.0
W01000151,-0.8887468079115829,402.0,2.0
W01000152,-0.12219610761164774,633.0,3.0
W01000153,-1.0223497030220865,360.0,1.0
W01000154,-0.783663895562235,424.0,2.0
W01000155,-1.1224234201564351,333.0,1.0
W01000156,-1.0729764814058846,342.0,1.0
W01000157,-0.9506160130862655,380.0,1.0
W01000158,-0.7337445775057584,441.0,2.0
W01000159,-1.8060373986752405,200.0,1.0
W01000162,-0.6209474232163121,471.0,2.0
W01000163,-1.2219700600697705,310.0,1.0
W01000164,-1.522328934537753,249.0,1.0
W01000165,0.8722477952879638,1167.0,6.0
W01000166,1.0498132131592577,1298.0,6.0
W01000167,-0.9043849091767848,396.0,2.0
W01000168,0.911241561032929,1192.0,6.0
W01000169,0.2776540914699954,807.0,4.0
W01000170,0.16744641389669396,738.0,3.0
W01000171,0.29968804256022474,819.0,4.0
W01000172,0.1897125311046221,749.0,3.0
W01000173,0.18278947008918314,747.0,3.0
W01000174,0.14547203289638047,731.0,3.0
W01000175,0.09200904526435302,713.0,3.0
W01000176,1.1211730228257422,1352.0,7.0
W01000177,0.48442452219438864,933.0,4.0
W01000178,-0.8195284548245729,415.0,2.0
W01000179,0.005833035704648711,675.0,3.0
W01000180,-1.549340099733259,242.0,1.0
W01000181,-1.9744031562294642,183.0,0.0
W01000182,-3.2006109701290084,95.0,0.0
W01000183,-2.160485991656841,166.0,0.0
W01000184,-1.7765062700858851,205.0,1.0
W01000185,-2.3195184225981675,152.0,0.0
W01000186,0.3102421976295045,829.0,4.0
W01000187,0.9019453354843371,1184.0,6.0
W01000188,0.7300411435283932,1075.0,5.0
W01000189,-0.853529310853717,408.0,2.0
W01000190,-1.3545215186584705,279.0,1.0
W01000191,-4.1263311420678805,50.0,0.0
W01000192,-1.898283437145139,190.0,0.0
W01000193,-4.185291102599135,47.0,0.0
W01000194,2.0260140269003353,1714.0,8.0
W01000195,1.8075717735454944,1621.0,8.0
W01000196,1.7223837516812526,1586.0,8.0
W01000197,1.50135913838816,1520.0,7.0
W01000198,2.712642929260596,1853.0,9.0
W01000199,1.7027224886737844,1583.0,8.0
W01000200,-1.4191908829971962,266.0,1.0
W01000201,-1.2216491191692567,311.0,1.0
W01000202,-1.0025646311446055,369.0,1.0
W01000203,2.6282626709588195,1840.0,9.0
W01000204,1.2042686860040952,1410.0,7.0
W01000205,-2.2466402562814185,161.0,0.0
W01000206,1.2994486849892664,1445.0,7.0
W01000207,-0.703052472071262,447.0,2.0
W01000208,2.3080629653396203,1786.0,9.0
W01000209,2.2125330362888027,1772.0,9.0
W01000210,3.2108817076210343,1889.0,9.0
W01000211,0.5205799542845432,952.0,4.0
W01000212,-0.5781545344489414,486.0,2.0
W01000213,-0.5055381461284907,509.0,2.0
W01000214,-0.6030347764006597,475.0,2.0
W01000215,-0.5179579098185288,503.0,2.0
W01000216,-0.592263912998743,478.0,2.0
W01000217,-0.745297007801752,438.0,2.0
W01000218,-0.5680595040592941,488.0,2.0
W01000219,-0.8126337282532367,417.0,2.0
W01000220,-1.0678024152381984,344.0,1.0
W01000221,-0.739782036178795,439.0,2.0
W01000222,-0.936742055971859,383.0,2.0
W01000223,-1.6287499363492925,221.0,1.0
W01000224,-1.9454386203642537,184.0,0.0
W01000225,-2.6102711786951422,131.0,0.0
W01000226,-1.2725900319945007,296.0,1.0
W01000227,-1.4298178235679913,264.0,1.0
W01000228,-1.8632366117048969,193.0,1.0
W01000229,-1.1387064904040085,328.0,1.0
W01000230,-0.9147320423276429,394.0,2.0
W01000231,-1.2185145640055168,312.0,1.0
W01000232,-1.0826651427649183,338.0,1.0
W01000233,-0.8627714315325488,404.0,2.0
W01000234,-1.1239860587977961,332.0,1.0
W01000235,-1.1823746408939624,319.0,1.0
W01000236,-0.9199474728920551,393.0,2.0
W01000237,-0.4556179957705788,525.0,2.0
W01000238,-0.7934867015747226,420.0,2.0
W01000239,-0.7766927330566591,425.0,2.0
W01000240,-3.179929444744367,97.0,0.0
W01000241,0.7248785970621973,1073.0,5.0
W01000242,0.4627141937923137,921.0,4.0
W01000243,0.5482122717515765,969.0,5.0
W01000244,0.2941174302226579,813.0,4.0
W01000245,-1.0442548075030027,354.0,1.0
W01000246,-1.1537079903319232,322.0,1.0
W01000247,-0.7850276592367608,423.0,2.0
W01000248,-0.7490533319925873,434.0,2.0
W01000249,3.0547999160641397,1881.0,9.0
W01000250,2.4636879448449194,1820.0,9.0
W01000251,-1.8261568403552466,196.0,1.0
W01000252,-2.4957033440408445,135.0,0.0
W01000253,0.7828394262745363,1108.0,5.0
W01000254,0.9723377201201876,1236.0,6.0
W01000255,-0.20759546649327057,604.0,3.0
W01000256,0.3503044644267077,850.0,4.0
W01000257,0.0424175110661082,693.0,3.0
W01000258,0.9939569611415892,1254.0,6.0
W01000259,2.0883532959382958,1736.0,9.0
W01000260,2.4975377078839167,1826.0,9.0
W01000261,3.168347932354342,1887.0,9.0
W01000262,3.0453133636678538,1879.0,9.0
W01000263,2.856913215990878,1869.0,9.0
W01000264,3.9351747370611903,1899.0,9.0
W01000265,2.564711099978256,1834.0,9.0
W01000266,2.7741851014180057,1861.0,9.0
W01000267,1.234887640367435,1424.0,7.0
W01000268,1.9373110942618257,1670.0,8.0
W01000269,2.298126718921095,1785.0,9.0
W01000270,1.1483024346056585,1367.0,7.0
W01000271,1.04837979598051,1297.0,6.0
W01000272,1.2801599030296895,1440.0,7.0
W01000273,0.048115721332348295,697.0,3.0
W01000274,-0.6509317939699353,464.0,2.0
W01000275,-0.6730384138200909,455.0,2.0
W01000276,-0.3931625744519414,534.0,2.0
W01000277,-0.3155172225364165,557.0,2.0
W01000278,-0.21293030404643426,602.0,3.0
W01000279,-0.47219942719738034,515.0,2.0
W01000280,-0.5790977808547907,485.0,2.0
W01000281,-0.23486637848777892,595.0,3.0
W01000282,-0.2543172202259719,585.0,3.0
W01000283,-0.7296261567319258,442.0,2.0
W01000284,0.029339269835032145,683.0,3.0
W01000285,-0.18225867728974215,618.0,3.0
W01000286,0.2517639043033624,785.0,4.0
W01000287,-0.1561806746389516,622.0,3.0
W01000288,0.5008492388345452,944.0,4.0
W01000289,0.6608743554307389,1036.0,5.0
W01000290,0.544397115817664,962.0,5.0
W01000291,0.6117418815178974,1009.0,5.0
W01000292,0.30468827028567974,825.0,4.0
W01000293,-0.2365034435549353,593.0,3.0
W01000294,0.7007654477369771,1056.0,5.0
W01000295,0.38804961434640867,876.0,4.0
W01000296,1.0142628385200414,1264.0,6.0
W01000297,1.0458002077379953,1292.0,6.0
W01000298,-0.4108008593412135,530.0,2.0
W01000299,1.4859171314545867,1511.0,7.0
W01000300,2.0540629039631666,1722.0,9.0
W01000301,1.1508408248063762,1369.0,7.0
W01000302,0.0017559463971332078,673.0,3.0
W01000303,1.201969028387811,1405.0,7.0
W01000304,1.0844497382376026,1324.0,6.0
W01000305,1.0288141436793936,1276.0,6.0
W01000306,1.1047969251596483,1337.0,7.0
W01000307,2.2322454220957963,1776.0,9.0
W01000308,1.699220203960514,1580.0,8.0
W01000309,2.6056753711725325,1839.0,9.0
W01000310,2.952690527911596,1874.0,9.0
W01000311,-0.39594909811433193,533.0,2.0
W01000312,-1.0025956915001466,368.0,1.0
W01000313,1.5572957567385217,1544.0,8.0
W01000314,0.9755418899760379,1241.0,6.0
W01000315,1.4359765512975318,1496.0,7.0
W01000316,0.9638651309355617,1229.0,6.0
W01000317,1.2923841518248955,1442.0,7.0
W01000318,0.806936215458971,1124.0,5.0
W01000319,0.9650404833121274,1231.0,6.0
W01000320,0.7712761936296977,1098.0,5.0
W01000321,2.702234514401491,1851.0,9.0
W01000322,1.9794067689616006,1693.0,8.0
W01000323,1.050123377685269,1299.0,6.0
W01000324,1.1950769007317672,1401.0,7.0
W01000325,0.26527320490495,800.0,4.0
W01000326,1.799795620576811,1617.0,8.0
W01000327,0.9507942133182395,1218.0,6.0
W01000328,-0.6082751469471686,473.0,2.0
W01000329,-0.5195002309341932,502.0,2.0
W01000330,-0.6671319931300141,457.0,2.0
W01000331,-0.6363508549425421,467.0,2.0
W01000332,-0.7898779961945673,421.0,2.0
W01000333,-0.982830332612339,370.0,1.0
W01000334,-1.6540751775272637,218.0,1.0
W01000335,-5.068013700687845,22.0,0.0
W01000336,-1.3152234859040997,287.0,1.0
W01000337,-1.3070713166703827,291.0,1.0
W01000338,-0.5128867205840757,506.0,2.0
W01000339,3.1529387695484345,1886.0,9.0
W01000340,0.44485889855802424,905.0,4.0
W01000341,0.168060486818572,740.0,3.0
W01000342,-0.31794738111668414,555.0,2.0
W01000343,0.3777272340572321,869.0,4.0
W01000344,0.04441109213309932,694.0,3.0
W01000345,1.5454443961838433,1538.0,8.0
W01000346,3.3514413601729314,1894.0,9.0
W01000347,3.0124801262896894,1878.0,9.0
W01000348,2.722160843699039,1856.0,9.0
W01000349,-2.1353646756822786,170.0,0.0
W01000350,-1.3475419151834471,281.0,1.0
W01000351,2.676628639862204,1849.0,9.0
W01000354,4.4964852234612245,1900.0,9.0
W01000355,6.774170050908958,1908.0,9.0
W01000356,5.884657655219139,1907.0,9.0
W01000359,3.1978233239032803,1888.0,9.0
W01000360,1.5928692178008752,1558.0,8.0
W01000361,2.4573578024491134,1819.0,9.0
W01000362,3.6429080952250943,1896.0,9.0
W01000363,3.3120753036879993,1892.0,9.0
W01000364,1.9817128347711892,1694.0,8.0
W01000365,0.25268989007424,787.0,4.0
W01000366,-0.8922200683515642,401.0,2.0
W01000367,-0.9637353696244645,375.0,1.0
W01000368,-0.8451575202503333,414.0,2.0
W01000369,0.6223908939039294,1015.0,5.0
W01000370,0.3517613905615229,853.0,4.0
W01000371,-1.0773286023484692,340.0,1.0
W01000372,-1.4389489967537479,260.0,1.0
W01000373,4.913797869797221,1902.0,9.0
W01000374,0.2981255529244846,817.0,4.0
W01000375,-0.5998342526464286,476.0,2.0
W01000376,0.7522660901953248,1084.0,5.0
W01000377,1.910477733922996,1658.0,8.0
W01000378,1.1708310581046106,1384.0,7.0
W01000379,1.1932717853016117,1400.0,7.0
W01000380,-0.09413372493404244,649.0,3.0
W01000381,1.852529602293176,1637.0,8.0
W01000382,1.0935111853272175,1327.0,6.0
W01000384,0.5555701117129742,974.0,5.0
W01000385,1.7596756091671573,1605.0,8.0
W01000386,1.9766411285557004,1692.0,8.0
W01000387,-0.5334298393057517,497.0,2.0
W01000388,-0.6940655087461153,451.0,2.0
W01000389,5.216715472997234,1905.0,9.0
W01000390,1.4026535981296961,1481.0,7.0
W01000391,0.9927327267457651,1253.0,6.0
W01000392,1.1462808247741585,1365.0,7.0
W01000393,0.7632609809903395,1088.0,5.0
W01000394,0.777652706543738,1101.0,5.0
W01000395,0.6794563854542142,1045.0,5.0
W01000398,2.9332503919466872,1871.0,9.0
W01000399,2.9713743545489715,1877.0,9.0
W01000400,-0.21992102625962892,601.0,3.0
W01000401,2.1142289353567127,1742.0,9.0
W01000402,-0.2357505286189908,594.0,3.0
W01000403,5.060375828961983,1903.0,9.0
W01000404,2.1083865433354463,1740.0,9.0
W01000405,2.433150245702767,1814.0,9.0
W01000406,2.665813275886897,1846.0,9.0
W01000407,2.2776791376039776,1782.0,9.0
W01000408,3.3140486220717578,1893.0,9.0
W01000409,3.8674050591675577,1898.0,9.0
W01000410,0.701372572559537,1057.0,5.0
W01000411,2.6708804251113474,1847.0,9.0
W01000412,2.451036131803738,1818.0,9.0
W01000413,1.4424227477402984,1497.0,7.0
W01000414,1.230309356003076,1422.0,7.0
W01000415,0.6808043317455056,1046.0,5.0
W01000416,0.5154172396814545,949.0,4.0
W01000417,0.5990277910084812,1002.0,5.0
W01000418,1.1129267483689353,1346.0,7.0
W01000419,1.2929553830411156,1443.0,7.0
W01000420,1.7260313568257377,1590.0,8.0
W01000422,-1.04216004272198,355.0,1.0
W01000423,1.017819570062488,1268.0,6.0
W01000424,1.1865199908188842,1397.0,7.0
W01000425,1.4958618418488756,1516.0,7.0
W01000426,-1.2679421152141692,298.0,1.0
W01000427,-2.7399200824423775,120.0,0.0
W01000428,-2.1282398191898872,171.0,0.0
W01000429,-3.227147844604074,94.0,0.0
W01000430,-4.356443235704763,37.0,0.0
W01000431,0.2750788313142352,804.0,4.0
W01000432,0.3676871781204067,864.0,4.0
W01000433,-3.7928158492379778,57.0,0.0
W01000434,-1.3958874807567847,270.0,1.0
W01000438,-1.3384158605402552,282.0,1.0
W01000439,-4.050845178092352,54.0,0.0
W01000440,-5.288062992144904,17.0,0.0
W01000441,-0.7962124959569302,419.0,2.0
W01000442,-0.4583721377965854,522.0,2.0
W01000443,-3.3489617336705813,81.0,0.0
W01000444,-0.39867136628611005,531.0,2.0
W01000445,-3.565048478042713,68.0,0.0
W01000446,-3.274177404810311,92.0,0.0
W01000447,-4.1327538732379585,49.0,0.0
W01000448,3.084953004828985,1883.0,9.0
W01000449,2.6055122991553805,1838.0,9.0
W01000450,-1.081457459163522,339.0,1.0
W01000451,-1.0220834299288224,361.0,1.0
W01000452,-1.9889594304757328,182.0,0.0
W01000453,-4.346268261711173,39.0,0.0
W01000454,-2.3558820147746764,146.0,0.0
W01000455,-2.0137085277468842,181.0,0.0
W01000456,-1.2228509819685427,309.0,1.0
W01000457,0.43875067389109385,900.0,4.0
W01000458,1.2758652479306565,1437.0,7.0
W01000459,-1.375180219632905,275.0,1.0
W01000460,0.2845048096020998,808.0,4.0
W01000461,0.692038545300045,1052.0,5.0
W01000464,0.36121852617617206,857.0,4.0
W01000465,1.4597739651369337,1502.0,7.0
W01000466,-2.9152664333811353,111.0,0.0
W01000467,-4.322593091230962,40.0,0.0
W01000470,1.1704753720460694,1383.0,7.0
W01000471,-1.610006534542588,229.0,1.0
W01000472,-2.2206210635196535,163.0,0.0
W01000473,2.0353333507095637,1715.0,8.0
W01000474,-1.8031847854380116,201.0,1.0
W01000475,-0.1435856793841904,626.0,3.0
W01000476,-0.027013271489290072,667.0,3.0
W01000477,-1.829003275212867,195.0,1.0
W01000478,-4.910851309878394,26.0,0.0
W01000479,-2.9801923789702274,105.0,0.0
W01000480,-5.3615792836945575,15.0,0.0
W01000481,-6.909595261949091,4.0,0.0
W01000482,-6.710797475087975,5.0,0.0
W01000483,-4.690348155884729,29.0,0.0
W01000484,-0.02066733643460758,669.0,3.0
W01000485,3.757838581378821,1897.0,9.0
W01000486,4.600448244712727,1901.0,9.0
W01000487,-0.7489164380176695,435.0,2.0
W01000488,-3.514344705142339,70.0,0.0
W01000489,-4.303371600854899,42.0,0.0
W01000492,-6.240109416278926,6.0,0.0
W01000493,-5.5872815323740905,13.0,0.0
W01000494,-4.248226697670165,44.0,0.0
W01000496,0.5337988445663522,956.0,5.0
W01000497,-0.7664870835031593,429.0,2.0
W01000498,-0.5073830275799678,508.0,2.0
W01000499,0.3855900744899747,872.0,4.0
W01000500,-0.13869463494148185,627.0,3.0
W01000501,0.03597355044558092,689.0,3.0
W01000502,-1.263852807860648,300.0,1.0
W01000503,-3.6156373140085365,65.0,0.0
W01000504,-3.6576414142565046,63.0,0.0
W01000505,-1.0548985376065567,348.0,1.0
W01000506,-0.20742237967916097,605.0,3.0
W01000507,-0.5207463118432185,501.0,2.0
W01000508,-0.463353346051753,520.0,2.0
W01000509,1.4947889162785597,1515.0,7.0
W01000510,1.5625237419042755,1547.0,8.0
W01000511,1.2575430799259257,1430.0,7.0
W01000512,-2.701763904094825,123.0,0.0
W01000513,-0.6183672145480402,472.0,2.0
W01000515,-1.5380883573891588,244.0,1.0
W01000516,-1.6136112529288253,226.0,1.0
W01000517,-0.7005143724531075,448.0,2.0
W01000518,-1.6030789093301792,232.0,1.0
W01000519,-0.8573534763669117,406.0,2.0
W01000522,-1.311585307928092,288.0,1.0
W01000523,-1.5740911801248139,237.0,1.0
W01000524,-1.1413118371246511,325.0,1.0
W01000525,-1.3597532530805776,277.0,1.0
W01000527,-2.9647195944964793,106.0,0.0
W01000528,-4.648466222126245,30.0,0.0
W01000531,-0.9004074722855823,398.0,2.0
W01000533,-0.06779067653234312,655.0,3.0
W01000534,-1.0042901179741226,365.0,1.0
W01000535,-2.4585304854186703,137.0,0.0
W01000536,-1.6565280500213513,217.0,1.0
W01000537,-3.440052838941511,74.0,0.0
W01000538,-0.9608354578293573,376.0,1.0
W01000539,-1.2561987707648639,302.0,1.0
W01000540,-1.0043847557015062,364.0,1.0
W01000541,-2.828047871084367,116.0,0.0
W01000542,-1.1342836943752173,330.0,1.0
W01000543,-1.5311074080741205,245.0,1.0
W01000545,-0.6943434045691337,450.0,2.0
W01000546,0.17941328368650486,743.0,3.0
W01000547,0.4935651121808022,938.0,4.0
W01000548,-1.6626543327084247,214.0,1.0
W01000549,-1.5648169924862445,238.0,1.0
W01000550,-1.0029031647611395,367.0,1.0
W01000551,-1.0353771862528514,358.0,1.0
W01000552,-0.5473229186119966,495.0,2.0
W01000553,1.6345035153156162,1570.0,8.0
W01000554,-1.4682257957844773,254.0,1.0
W01000555,-2.144353194853188,168.0,0.0
W01000556,-1.0546306391060927,349.0,1.0
W01000557,-0.3905210904350828,536.0,2.0
W01000558,-1.4811237589483193,251.0,1.0
W01000559,-4.303190811718445,43.0,0.0
W01000560,-3.7166635776597925,58.0,0.0
W01000561,-5.969736832140919,9.0,0.0
W01000562,-1.4137793806588186,267.0,1.0
W01000563,0.36428476481984307,860.0,4.0
W01000564,2.5218113756292,1830.0,9.0
W01000565,-0.08003216926055297,654.0,3.0
W01000566,-0.18841013910660478,616.0,3.0
W01000567,-2.9981893646178706,103.0,0.0
W01000569,-2.9224894372904737,110.0,0.0
W01000570,-1.3103581187018245,289.0,1.0
W01000571,-1.0458630928659773,353.0,1.0
W01000572,-3.5278214294841486,69.0,0.0
W01000573,-0.8475976302473894,411.0,2.0
W01000574,-1.8622290459027164,194.0,1.0
W01000575,-1.1587825677845278,321.0,1.0
W01000576,1.4344686624829648,1495.0,7.0
W01000577,0.9414976263164476,1212.0,6.0
W01000578,-1.2489792795033041,303.0,1.0
W01000579,-1.3809563334452037,273.0,1.0
W01000580,-1.6148111177127888,225.0,1.0
W01000581,-0.5515759141229114,494.0,2.0
W01000582,-2.426132242054085,139.0,0.0
W01000583,-0.5864288129180838,480.0,2.0
W01000584,0.030166776446322346,684.0,3.0
W01000585,-0.9496598404549751,381.0,1.0
W01000586,-1.1951783274236085,316.0,1.0
W01000587,0.9865846535230689,1248.0,6.0
W01000588,-0.572503888937118,487.0,2.0
W01000589,0.7795743899753146,1105.0,5.0
W01000590,0.6690386656345354,1039.0,5.0
W01000591,0.2553189601700477,789.0,4.0
W01000592,0.31618724914038643,833.0,4.0
W01000594,1.0290243369350154,1277.0,6.0
W01000595,1.0182934009399114,1269.0,6.0
W01000596,0.9391583217650759,1209.0,6.0
W01000597,0.2117734981138878,760.0,3.0
W01000598,0.17373561244944621,741.0,3.0
W01000599,-1.6161729853508422,224.0,1.0
W01000600,-1.5147312260131935,250.0,1.0
W01000601,-1.2634244294643562,301.0,1.0
W01000602,-0.6544461017315901,460.0,2.0
W01000603,-5.334454178564508,16.0,0.0
W01000604,-2.80391408830057,118.0,0.0
W01000605,-4.593722393419031,32.0,0.0
W01000606,-2.418298997834021,141.0,0.0
W01000607,-1.8717187511901148,191.0,0.0
W01000608,-2.0581139992008426,179.0,0.0
W01000609,-1.690352424014209,210.0,1.0
W01000610,1.1462612168254582,1364.0,7.0
W01000611,-2.672173760139751,126.0,0.0
W01000612,1.0813683313171287,1320.0,6.0
W01000613,-0.3009765064400701,562.0,2.0
W01000614,-0.8804482045544639,403.0,2.0
W01000617,-1.5434152361463378,243.0,1.0
W01000618,-0.04632963177508222,660.0,3.0
W01000619,1.1204866690512558,1351.0,7.0
W01000622,-1.1879688603663503,318.0,1.0
W01000623,-1.9054253284676752,187.0,0.0
W01000624,-3.402572218212327,76.0,0.0
W01000625,0.293510710877089,810.0,4.0
W01000626,0.3856286430676424,873.0,4.0
W01000627,0.22260907537498945,769.0,4.0
W01000628,0.8296688855488774,1135.0,5.0
W01000629,0.6547925352381657,1031.0,5.0
W01000630,0.6905122309447329,1050.0,5.0
W01000631,0.6282851527980904,1020.0,5.0
W01000632,0.1996274945501328,755.0,3.0
W01000633,0.3316948890250588,838.0,4.0
W01000634,0.45312772016381786,914.0,4.0
W01000635,-0.28854472441315104,568.0,2.0
W01000636,0.562639205696532,979.0,5.0
W01000637,-4.353484301586871,38.0,0.0
W01000638,-3.6318692870348244,64.0,0.0
W01000639,-3.329260720234726,85.0,0.0
W01000640,-5.2095152538861615,19.0,0.0
W01000641,-3.180626235512286,96.0,0.0
W01000642,-4.122032214502768,51.0,0.0
W01000643,-4.620823400254733,31.0,0.0
W01000644,-5.085454297501569,21.0,0.0
W01000645,-3.0918698336921344,99.0,0.0
W01000646,-1.901807859614811,189.0,0.0
W01000647,-0.7120099830552993,444.0,2.0
W01000648,-3.5861086841879453,67.0,0.0
W01000649,-4.214135674568847,45.0,0.0
W01000650,-2.1561363108555724,167.0,0.0
W01000651,1.5409415150401182,1536.0,8.0
W01000652,1.9885608304932767,1698.0,8.0
W01000653,0.4301325471203671,895.0,4.0
W01000654,0.2638341366038836,797.0,4.0
W01000655,1.511341191711585,1527.0,8.0
W01000656,0.1676765638462859,739.0,3.0
W01000657,0.10005609136372282,716.0,3.0
W01000658,0.27744018792488634,806.0,4.0
W01000659,0.4441286443588554,902.0,4.0
W01000660,0.3950760590682117,879.0,4.0
W01000662,0.7642368486763184,1089.0,5.0
W01000663,0.8857988403786263,1172.0,6.0
W01000664,0.7493031629711087,1081.0,5.0
W01000665,0.09975889475302374,715.0,3.0
W01000666,0.03438124634945889,687.0,3.0
W01000667,0.6279756953426819,1018.0,5.0
W01000670,0.19311058697108147,750.0,3.0
W01000671,0.2245134111210837,771.0,4.0
W01000672,0.5454904729093042,966.0,5.0
W01000673,-0.8024219524370919,418.0,2.0
W01000674,-1.4760135933231195,252.0,1.0
W01000675,-0.5170388889164174,504.0,2.0
W01000676,0.462360788840731,920.0,4.0
W01000677,0.604518199853112,1006.0,5.0
W01000678,-1.1252226156494383,331.0,1.0
W01000679,0.35242549155131814,855.0,4.0
W01000680,0.4882783009590675,936.0,4.0
W01000681,0.6268513733423321,1017.0,5.0
W01000682,-0.6693306507526606,456.0,2.0
W01000683,-2.2975714194307666,156.0,0.0
W01000684,0.4612049307144406,919.0,4.0
W01000685,-2.270843938630808,158.0,0.0
W01000686,-2.864362716420346,113.0,0.0
W01000687,-0.03020409860514605,665.0,3.0
W01000688,-1.5594367403535985,239.0,1.0
W01000689,-2.3279680289351563,150.0,0.0
W01000690,0.3423341677638306,844.0,4.0
W01000691,0.3192106330370001,834.0,4.0
W01000692,-0.26241339268105635,579.0,3.0
W01000693,-3.3327447445618192,83.0,0.0
W01000694,-3.276970219587003,91.0,0.0
W01000695,0.5989764035193531,1001.0,5.0
W01000696,-1.0147189375169647,362.0,1.0
W01000697,1.1179561208438507,1349.0,7.0
W01000698,1.1183675618012054,1350.0,7.0
W01000699,0.9247263216472491,1201.0,6.0
W01000700,-3.1183844029701717,98.0,0.0
W01000701,-3.407396813593666,75.0,0.0
W01000702,-2.8873860053292897,112.0,0.0
W01000703,0.5807435818157042,989.0,5.0
W01000704,0.9574268981301043,1223.0,6.0
W01000705,1.2766869159953003,1438.0,7.0
W01000706,0.9167267381624853,1195.0,6.0
W01000707,0.8001993155241779,1120.0,5.0
W01000708,0.36128508043824586,858.0,4.0
W01000709,0.0017979931432215263,674.0,3.0
W01000710,0.38262892394615927,871.0,4.0
W01000711,0.5135232538201103,948.0,4.0
W01000712,0.9879385375525118,1250.0,6.0
W01000713,0.8339947974785555,1136.0,5.0
W01000714,0.3386724995790496,842.0,4.0
W01000715,0.44797407879287404,906.0,4.0
W01000716,0.5973039171379071,1000.0,5.0
W01000717,0.4161619267801804,887.0,4.0
W01000718,0.2310068048795184,774.0,4.0
W01000719,0.02116204878836999,680.0,3.0
W01000720,0.37501707297677367,867.0,4.0
W01000721,-0.9293267270079792,387.0,2.0
W01000722,-2.8066343322859173,117.0,0.0
W01000723,-1.3327938540698558,284.0,1.0
W01000724,0.8651877578850184,1161.0,6.0
W01000725,0.4589118381099181,918.0,4.0
W01000728,-3.2388005805488964,93.0,0.0
W01000729,0.5841204800405349,990.0,5.0
W01000730,0.558977601504345,977.0,5.0
W01000731,0.08734235758741382,710.0,3.0
W01000732,0.34413970800915106,845.0,4.0
W01000733,0.43754515309720476,898.0,4.0
W01000734,0.491898345594607,937.0,4.0
W01000735,0.5480331565497137,968.0,5.0
W01000736,0.945463561396542,1215.0,6.0
W01000737,0.9500968284502398,1217.0,6.0
W01000738,-1.7896497787129457,203.0,1.0
W01000739,-2.429082299954592,138.0,0.0
W01000740,-2.601299824009289,132.0,0.0
W01000741,-3.398067221336301,77.0,0.0
W01000742,1.0891367791950717,1325.0,6.0
W01000744,1.0301926367127423,1278.0,6.0
W01000745,0.8885848430898102,1175.0,6.0
W01000746,0.8859666631180905,1173.0,6.0
W01000747,1.0473978791692347,1294.0,6.0
W01000749,1.0556978861678794,1303.0,6.0
W01000750,-0.0916167186426646,651.0,3.0
W01000751,0.13096370190760975,722.0,3.0
W01000752,-0.36092352508765174,547.0,2.0
W01000753,-0.24101052627547015,591.0,3.0
W01000754,0.30199595436062093,822.0,4.0
W01000755,1.1467411541554307,1366.0,7.0
W01000756,1.0106436469780684,1260.0,6.0
W01000757,1.110046924944942,1343.0,7.0
W01000758,0.9910619474238784,1251.0,6.0
W01000759,0.11261690060348596,720.0,3.0
W01000760,0.8974041036317725,1179.0,6.0
W01000761,1.202889000129069,1407.0,7.0
W01000762,1.2021610000542922,1406.0,7.0
W01000763,1.0945101330435045,1329.0,6.0
W01000764,1.2735852913514578,1436.0,7.0
W01000765,0.979373925914461,1243.0,6.0
W01000766,1.1745995628697323,1385.0,7.0
W01000767,1.2275958775541633,1419.0,7.0
W01000768,0.9004249031217798,1182.0,6.0
W01000769,0.5159797137495878,950.0,4.0
W01000770,1.0577473234557628,1307.0,6.0
W01000771,0.9729231900009099,1237.0,6.0
W01000772,-0.298588632483593,563.0,2.0
W01000774,-1.378455646282236,274.0,1.0
W01000775,0.17982772719025808,744.0,3.0
W01000776,0.30079115790019795,820.0,4.0
W01000777,0.10399881948134596,717.0,3.0
W01000778,0.26737583390864234,802.0,4.0
W01000779,-0.3888017563837143,539.0,2.0
W01000781,1.040682276230717,1287.0,6.0
W01000782,1.0559840765085609,1304.0,6.0
W01000784,-1.3962032494788317,268.0,1.0
W01000785,-0.97451666542108,373.0,1.0
W01000786,-0.19437478630598698,614.0,3.0
W01000787,-0.04157895898254944,663.0,3.0
W01000788,0.13931281360385525,728.0,3.0
W01000789,0.5358423283485192,957.0,5.0
W01000790,0.8510359617865231,1151.0,6.0
W01000791,-0.4700619619128422,517.0,2.0
W01000792,-1.4354422791245784,262.0,1.0
W01000793,-1.139046378545648,327.0,1.0
W01000794,-0.9217379929577986,391.0,2.0
W01000795,0.3102012277743295,828.0,4.0
W01000797,0.3369251617639151,840.0,4.0
W01000798,0.4529357421336411,913.0,4.0
W01000799,-0.7099085048338818,446.0,2.0
W01000800,-0.42090696968590785,528.0,2.0
W01000801,0.13741281843986425,727.0,3.0
W01000802,-1.3944063968113483,271.0,1.0
W01000803,-1.0480244809334307,352.0,1.0
W01000804,1.0305717703279582,1279.0,6.0
W01000805,1.0468743272999557,1293.0,6.0
W01000806,-1.310133979006997,290.0,1.0
W01000807,-3.0033631658065327,102.0,0.0
W01000808,-1.444692743829837,259.0,1.0
W01000809,0.06150676482427807,701.0,3.0
W01000810,-1.0030789428145135,366.0,1.0
W01000811,0.22548667253749943,772.0,4.0
W01000812,-0.4691446832113473,518.0,2.0
W01000813,0.5968900211129651,999.0,5.0
W01000814,-0.29171868918190214,566.0,2.0
W01000815,-1.6165383586404924,223.0,1.0
W01000816,-4.508603125224183,36.0,0.0
W01000817,0.21413913894007447,763.0,3.0
W01000818,0.41751163666625574,888.0,4.0
W01000819,0.5119203354787534,946.0,4.0
W01000820,0.6869733694242595,1049.0,5.0
W01000821,0.7688058582350765,1095.0,5.0
W01000822,-1.0506680004570472,350.0,1.0
W01000823,0.8437498439188325,1144.0,5.0
W01000824,0.842616117399931,1142.0,5.0
W01000825,0.773197225693755,1099.0,5.0
W01000826,0.8609783665679455,1158.0,6.0
W01000827,0.7076357592526733,1061.0,5.0
W01000828,-0.3771470408688934,541.0,2.0
W01000829,-0.39795571141497865,532.0,2.0
W01000830,1.3593336267576508,1469.0,7.0
W01000831,1.2270404122408143,1418.0,7.0
W01000832,1.2349684362635118,1425.0,7.0
W01000833,1.0816616092492237,1322.0,6.0
W01000834,0.7682556972434033,1094.0,5.0
W01000835,1.1908071228085038,1399.0,7.0
W01000836,1.1362620853244276,1361.0,7.0
W01000837,-0.2256747924833966,597.0,3.0
W01000838,-0.6899188918145303,452.0,2.0
W01000839,0.9267231494591724,1204.0,6.0
W01000840,0.872221539543556,1166.0,6.0
W01000841,-3.660146849773858,62.0,0.0
W01000842,-1.363819637252384,276.0,1.0
W01000843,-4.069646411895214,53.0,0.0
W01000844,-2.692640357051877,125.0,0.0
W01000845,-1.0719268696928188,343.0,1.0
W01000846,0.038141156172324595,690.0,3.0
W01000847,-0.7549032006642967,433.0,2.0
W01000848,-0.5640592584644206,491.0,2.0
W01000849,-0.04852417482629372,657.0,3.0
W01000851,0.026388044786248847,682.0,3.0
W01000852,0.6292974072477939,1021.0,5.0
W01000853,0.7816663927752938,1107.0,5.0
W01000854,1.035240938987724,1282.0,6.0
W01000855,0.9083762271375442,1189.0,6.0
W01000856,1.043622574292605,1288.0,6.0
W01000857,0.49395829537535807,939.0,4.0
W01000858,0.7314927649158097,1077.0,5.0
W01000859,1.1333781992129996,1358.0,7.0
W01000860,1.3534121094316756,1462.0,7.0
W01000861,1.6608727100404725,1574.0,8.0
W01000862,1.1800456215621606,1391.0,7.0
W01000863,1.0116810511658312,1262.0,6.0
W01000864,1.2648620110072633,1434.0,7.0
W01000865,0.8890259026091922,1176.0,6.0
W01000866,1.0279993610796112,1275.0,6.0
W01000867,0.9852713574480126,1247.0,6.0
W01000868,0.8384848224864033,1139.0,5.0
W01000869,1.0448628481888453,1291.0,6.0
W01000870,0.7196943804359422,1066.0,5.0
W01000871,1.0479118353511163,1296.0,6.0
W01000872,0.576447367359663,984.0,5.0
W01000873,1.133188221964535,1357.0,7.0
W01000874,0.9528184766945452,1221.0,6.0
W01000875,1.0569827073784184,1305.0,6.0
W01000876,1.1704159864083916,1382.0,7.0
W01000877,-1.8116775633285669,198.0,1.0
W01000878,-2.214470390979856,164.0,0.0
W01000879,0.9079902755207903,1188.0,6.0
W01000880,0.9311858366397174,1206.0,6.0
W01000881,0.9681191796754834,1235.0,6.0
W01000882,0.9514806839424581,1219.0,6.0
W01000883,0.49775717528344604,943.0,4.0
W01000884,-2.2220669258914967,162.0,0.0
W01000885,-5.006481956361687,23.0,0.0
W01000886,-2.3523153025979364,147.0,0.0
W01000887,-0.25909619853447935,582.0,3.0
W01000888,0.27643072985913775,805.0,4.0
W01000889,-0.77360527266868,428.0,2.0
W01000890,-0.23224925088043563,596.0,3.0
W01000891,-0.02620519132421885,668.0,3.0
W01000892,0.08673017565568077,709.0,3.0
W01000893,0.26503579939108235,799.0,4.0
W01000894,-0.5825001729363057,483.0,2.0
W01000895,-0.17980426405747513,619.0,3.0
W01000896,-0.11472768431378189,637.0,3.0
W01000897,0.2615000410152046,796.0,4.0
W01000898,0.9844653420858885,1246.0,6.0
W01000899,1.427328814833123,1493.0,7.0
W01000900,1.039166142997918,1285.0,6.0
W01000901,0.9947557261378904,1255.0,6.0
W01000904,0.0615661742738695,702.0,3.0
W01000905,0.040097085586835564,691.0,3.0
W01000907,0.08099727194740954,706.0,3.0
W01000908,-0.11745726768982498,635.0,3.0
W01000909,-3.601089591048961,66.0,0.0
W01000910,-2.0997184103809965,175.0,0.0
W01000911,-1.4331540952748414,263.0,1.0
W01000912,0.25794217246355416,793.0,4.0
W01000913,0.37421903948770774,866.0,4.0
W01000914,0.20152863354817013,756.0,3.0
W01000915,0.4263176554833227,894.0,4.0
W01000916,0.1553848305112121,732.0,3.0
W01000918,-0.19665791628322488,613.0,3.0
W01000919,-0.10754136892010559,644.0,3.0
W01000921,1.552758099482913,1542.0,8.0
W01000922,0.06031247050948811,700.0,3.0
W01000925,-0.10773301849923063,643.0,3.0
W01000926,-0.19781136265947458,612.0,3.0
W01000927,-0.1569389547099076,621.0,3.0
W01000928,0.2995363440765132,818.0,4.0
W01000929,-0.17698106906593658,620.0,3.0
W01000930,1.3582141476271266,1466.0,7.0
W01000931,0.1360273980267725,726.0,3.0
W01000932,0.04563855315056485,696.0,3.0
W01000933,0.767820802862998,1093.0,5.0
W01000934,-0.303999139074889,561.0,2.0
W01000935,-0.182911851916324,617.0,3.0
W01000936,-1.5272997425182653,247.0,1.0
W01000937,-0.31585998476792254,556.0,2.0
W01000938,-0.0956931768975004,648.0,3.0
W01000939,0.320739310136662,835.0,4.0
W01000940,-0.7562558320833533,432.0,2.0
W01000941,-1.6130802393738286,227.0,1.0
W01000942,-3.6901728508916447,61.0,0.0
W01000943,-4.0397841579652285,56.0,0.0
W01000944,-0.30716706030625296,560.0,2.0
W01000945,0.2653263483398319,801.0,4.0
W01000946,-0.21212906811840035,603.0,3.0
W01000947,0.3474151255477809,847.0,4.0
W01000948,0.5209169628717198,953.0,4.0
W01000949,0.4076899169542799,882.0,4.0
W01000950,-0.6769804505944591,454.0,2.0
W01000951,-0.427220636201821,527.0,2.0
W01000952,0.7065334261038524,1059.0,5.0
W01000953,-0.11648299753566811,636.0,3.0
W01000954,0.44823193217225954,907.0,4.0
W01000955,0.023531399769165802,681.0,3.0
W01000956,0.29534600783489084,815.0,4.0
W01000957,-2.5901912749662492,133.0,0.0
W01000958,-2.343444370033679,148.0,0.0
W01000959,-1.5973405805853877,233.0,1.0
W01000960,-2.086415047972525,177.0,0.0
W01000961,0.3489557502395918,848.0,4.0
W01000962,-0.5812179023950812,484.0,2.0
W01000963,-0.6526041244817471,462.0,2.0
W01000964,-0.2656281872352448,578.0,3.0
W01000965,0.16200360756958926,734.0,3.0
W01000966,0.7527117972585154,1085.0,5.0
W01000967,1.4055109074073169,1482.0,7.0
W01000968,0.7689851238652675,1096.0,5.0
W01000969,-0.36276154801038085,546.0,2.0
W01000970,-0.3609117811088035,548.0,2.0
W01000971,0.13315986449362247,724.0,3.0
W01000973,-0.9598634576719686,377.0,1.0
W01000974,0.3360411288890693,839.0,4.0
W01000975,-3.3041837645963645,90.0,0.0
W01000976,1.105213831835906,1339.0,7.0
W01000977,0.09507092481674981,714.0,3.0
W01000978,1.3329909403902338,1453.0,7.0
W01000979,0.5767233182187821,985.0,5.0
W01000980,0.5407524298144863,960.0,5.0
W01000981,0.7582675558255559,1087.0,5.0
W01000982,0.6643583388486615,1037.0,5.0
W01000983,0.7512817326504414,1082.0,5.0
W01000984,0.6669965911937843,1038.0,5.0
W01000985,0.606604127515684,1007.0,5.0
W01000986,0.19680608126613558,752.0,3.0
W01000987,0.31124607384064473,830.0,4.0
W01000989,0.9521833538475238,1220.0,6.0
W01000990,1.0207561203408255,1270.0,6.0
W01000991,1.7494464803935554,1598.0,8.0
W01000992,1.7161034588607724,1585.0,8.0
W01000993,1.7405746126036181,1594.0,8.0
W01000994,1.3806306314457146,1472.0,7.0
W01000995,1.5986893029133529,1559.0,8.0
W01000996,0.789335127069903,1111.0,5.0
W01000997,0.9804773452002,1244.0,6.0
W01000999,1.0976602639166173,1331.0,6.0
W01001000,0.9458932843129947,1216.0,6.0
W01001001,1.1538800988531723,1374.0,7.0
W01001002,1.1764014389565203,1387.0,7.0
W01001003,1.0127503381488254,1263.0,6.0
W01001004,1.1516977483596178,1372.0,7.0
W01001005,1.1639284101375054,1379.0,7.0
W01001006,1.358908999442741,1467.0,7.0
W01001007,1.1687315324403265,1381.0,7.0
W01001008,0.3502975045371648,849.0,4.0
W01001009,-0.5914653342941051,479.0,2.0
W01001010,0.9783559282069187,1242.0,6.0
W01001011,1.070779174880549,1314.0,6.0
W01001012,0.3510412466574472,851.0,4.0
W01001013,0.6949906632786861,1053.0,5.0
W01001014,1.756074547483256,1601.0,8.0
W01001015,1.144924519173272,1363.0,7.0
W01001016,1.0507371077778382,1300.0,6.0
W01001017,1.786954503930367,1614.0,8.0
W01001018,1.6545786685019173,1573.0,8.0
W01001019,1.3425054121009998,1458.0,7.0
W01001020,1.3520058075201093,1461.0,7.0
W01001021,1.2799355492595965,1439.0,7.0
W01001022,0.87194435281611,1165.0,6.0
W01001023,0.9976767449835431,1257.0,6.0
W01001024,1.5903009264957957,1556.0,8.0
W01001025,1.7226541918127822,1587.0,8.0
W01001026,1.1676497179297363,1380.0,7.0
W01001027,1.187178794802017,1398.0,7.0
W01001028,1.4138882416068284,1486.0,7.0
W01001029,0.88695274789609,1174.0,6.0
W01001030,0.9293610203880315,1205.0,6.0
W01001031,1.2037893282399503,1409.0,7.0
W01001032,1.0592093725895655,1308.0,6.0
W01001033,1.5614936549451497,1546.0,8.0
W01001034,1.9835419500090228,1696.0,8.0
W01001035,1.2060905645242999,1411.0,7.0
W01001036,1.2888945351389283,1441.0,7.0
W01001037,1.1628241049799806,1378.0,7.0
W01001038,0.7223893762409163,1068.0,5.0
W01001039,1.0208340003233982,1271.0,6.0
W01001040,0.7863109828936466,1110.0,5.0
W01001041,0.9248860578085862,1202.0,6.0
W01001042,1.1508964250992466,1370.0,7.0
W01001043,1.0774783358528373,1317.0,6.0
W01001044,0.967314847619077,1233.0,6.0
W01001045,1.0162045517893872,1266.0,6.0
W01001046,1.1010034990771744,1334.0,6.0
W01001047,1.1050672138192863,1338.0,7.0
W01001048,1.0230186657219673,1273.0,6.0
W01001049,1.149563234129764,1368.0,7.0
W01001050,1.1122161902227712,1344.0,7.0
W01001051,1.0477968604381844,1295.0,6.0
W01001052,1.1796862458589754,1390.0,7.0
W01001053,1.1615985293574411,1376.0,7.0
W01001054,1.1819034469338416,1392.0,7.0
W01001055,1.1831364419097776,1394.0,7.0
W01001056,0.7997273770312157,1118.0,5.0
W01001057,0.9161042099975518,1194.0,6.0
W01001058,1.527424311491969,1533.0,8.0
W01001059,,,
W01001060,,,
W01001062,,,
W01001063,-2.8605667953579923,114.0,0.0
W01001064,-3.318005743045746,88.0,0.0
W01001065,-0.5661465823072215,489.0,2.0
W01001066,-3.4744570668252464,72.0,0.0
W01001067,-0.7856351100666285,422.0,2.0
W01001068,-0.74853467089437,437.0,2.0
W01001069,-0.5295206780216575,498.0,2.0
W01001070,-0.8466795022037067,413.0,2.0
W01001071,-0.9511787297412027,379.0,1.0
W01001072,-0.9228713068962663,389.0,2.0
W01001073,-1.334646895896174,283.0,1.0
W01001075,0.9591251135322866,1226.0,6.0
W01001076,0.8981755259120029,1181.0,6.0
W01001077,0.8270879582313194,1133.0,5.0
W01001078,0.6551744932502492,1032.0,5.0
W01001079,-0.654840019177767,459.0,2.0
W01001080,-0.2581823721265716,583.0,3.0
W01001081,-0.3643526301423617,545.0,2.0
W01001082,0.8373662284517374,1137.0,5.0
W01001083,0.48384310813435544,932.0,4.0
W01001084,0.6914655693709749,1051.0,5.0
W01001085,0.9635213094110606,1228.0,6.0
W01001086,-0.10541149146904996,646.0,3.0
W01001087,0.9623301357855807,1227.0,6.0
W01001088,0.9355510487158534,1208.0,6.0
W01001089,0.35715715513749585,856.0,4.0
W01001090,0.804014767604089,1122.0,5.0
W01001091,-1.104791355924866,337.0,1.0
W01001092,-1.4569113533589437,256.0,1.0
W01001093,-1.9084300119734305,186.0,0.0
W01001094,-0.7758348691042711,426.0,2.0
W01001095,-0.9008662101640122,397.0,2.0
W01001096,-0.5156830554613449,505.0,2.0
W01001097,-1.1509161583358478,323.0,1.0
W01001098,-1.685722178213608,211.0,1.0
W01001099,-2.2130307849859956,165.0,0.0
W01001100,-1.935106468789313,185.0,0.0
W01001101,-1.7869272393185591,204.0,1.0
W01001102,,,
W01001103,-1.6614342360626457,215.0,1.0
W01001104,0.9210023818450618,1198.0,6.0
W01001105,0.9737821381996141,1238.0,6.0
W01001106,0.4961240983714324,941.0,4.0
W01001107,0.724338223785962,1071.0,5.0
W01001108,0.1050036764668487,718.0,3.0
W01001109,0.4957122309977404,940.0,4.0
W01001110,0.7969792151619344,1116.0,5.0
W01001111,0.7228113233123405,1069.0,5.0
W01001112,0.6186307807848762,1014.0,5.0
W01001113,1.0148360307171544,1265.0,6.0
W01001114,0.897940366652321,1180.0,6.0
W01001115,0.8481491804186826,1149.0,6.0
W01001116,0.9217992693010505,1199.0,6.0
W01001117,,,
W01001119,-1.2394196766715544,305.0,1.0
W01001120,-1.472607598595791,253.0,1.0
W01001121,-1.0497199184534838,351.0,1.0
W01001122,-0.7746244803140716,427.0,2.0
W01001123,1.0438143078714326,1289.0,6.0
W01001124,1.0812822725605888,1319.0,6.0
W01001125,1.0105565126970186,1259.0,6.0
W01001127,1.1261967724983566,1355.0,7.0
W01001128,0.9753866225648673,1240.0,6.0
W01001129,0.7144828563603017,1064.0,5.0
W01001130,0.9566082438810763,1222.0,6.0
W01001131,0.8472419383236346,1148.0,6.0
W01001132,0.3020248221316405,823.0,4.0
W01001133,-0.19205434779771796,615.0,3.0
W01001134,0.6000201677394218,1003.0,5.0
W01001135,-0.6538556301755242,461.0,2.0
W01001136,0.41093163997588594,885.0,4.0
W01001137,1.30933207447076,1448.0,7.0
W01001138,1.5118560227303146,1528.0,8.0
W01001139,1.4019234498731838,1480.0,7.0
W01001140,1.0978105932917974,1332.0,6.0
W01001141,1.3374565954667335,1456.0,7.0
W01001142,1.3914758185062372,1477.0,7.0
W01001143,1.0621156659373294,1309.0,6.0
W01001144,1.0813948722471842,1321.0,6.0
W01001145,1.103620811535758,1335.0,6.0
W01001146,1.4111590251182935,1484.0,7.0
W01001147,1.941651092558533,1674.0,8.0
W01001148,2.0213424009858065,1711.0,8.0
W01001149,1.6892558068648615,1577.0,8.0
W01001150,1.6957138208824556,1578.0,8.0
W01001151,2.068163692972396,1729.0,9.0
W01001152,2.3537089213876983,1798.0,9.0
W01001153,2.1102156379706676,1741.0,9.0
W01001154,1.5846230720851235,1552.0,8.0
W01001155,1.9519081294814578,1681.0,8.0
W01001156,1.846590931251071,1634.0,8.0
W01001157,0.8162358883526866,1128.0,5.0
W01001158,0.4783816180200406,927.0,4.0
W01001159,0.779529578206752,1104.0,5.0
W01001160,1.093683859341841,1328.0,6.0
W01001162,0.9204126145138333,1197.0,6.0
W01001164,0.880993371772286,1169.0,6.0
W01001165,0.5929277200557044,996.0,5.0
W01001166,1.7686065953629542,1606.0,8.0
W01001167,1.5848612524121515,1553.0,8.0
W01001168,1.4679472197303405,1507.0,7.0
W01001169,1.2179467563764634,1415.0,7.0
W01001170,1.4772034259510733,1510.0,7.0
W01001171,0.5471161625285519,967.0,5.0
W01001172,1.258145323630686,1432.0,7.0
W01001173,1.133551473830493,1359.0,7.0
W01001174,0.9415004026869732,1213.0,6.0
W01001175,2.1532628902429543,1753.0,9.0
W01001176,1.8283976669447892,1630.0,8.0
W01001177,1.8125093775755516,1623.0,8.0
W01001178,1.312386195348856,1450.0,7.0
W01001179,1.2581040579308547,1431.0,7.0
W01001180,0.3511554577789745,852.0,4.0
W01001181,0.4642147917228455,922.0,4.0
W01001184,1.4151858647815285,1488.0,7.0
W01001185,1.0818774483161546,1323.0,6.0
W01001186,1.9447288010258845,1677.0,8.0
W01001187,1.9248848692534541,1667.0,8.0
W01001188,1.6293830800184446,1567.0,8.0
W01001189,1.094685930461846,1330.0,6.0
W01001190,1.074517321674394,1316.0,6.0
W01001192,1.1151188757688708,1348.0,7.0
W01001193,0.9411961767454442,1211.0,6.0
W01001194,0.8894209497769124,1177.0,6.0
W01001195,0.7778247079566496,1102.0,5.0
W01001196,0.8416313037546798,1140.0,5.0
W01001197,1.1124837755136585,1345.0,7.0
W01001198,0.8526537137911163,1153.0,6.0
W01001199,0.6965955763794225,1054.0,5.0
W01001202,1.2466130636511876,1428.0,7.0
W01001203,1.825584675853211,1627.0,8.0
W01001204,-0.11118201883942257,639.0,3.0
W01001205,-0.5840664871408423,481.0,2.0
W01001206,-0.8989725761434947,399.0,2.0
W01001207,-0.202617198533977,609.0,3.0
W01001208,-1.8060897024406677,199.0,1.0
W01001209,1.3857927978452251,1473.0,7.0
W01001210,1.8261071143917094,1628.0,8.0
W01001211,-0.15472126556321686,623.0,3.0
W01001212,0.8558343546755621,1155.0,6.0
W01001214,2.083022252336461,1734.0,9.0
W01001216,1.8946342743462037,1651.0,8.0
W01001217,1.465084647650742,1504.0,7.0
W01001218,1.3876287633947895,1474.0,7.0
W01001219,1.4151829175741442,1487.0,7.0
W01001220,1.3881789895313772,1475.0,7.0
W01001221,1.8270403847731598,1629.0,8.0
W01001222,1.9482430791332215,1680.0,8.0
W01001223,1.3335044442532282,1454.0,7.0
W01001224,1.3021885496268788,1446.0,7.0
W01001225,1.3324273388736594,1452.0,7.0
W01001226,1.4723060136805735,1509.0,7.0
W01001227,-0.6064903545776009,474.0,2.0
W01001228,-0.0818379348471307,653.0,3.0
W01001229,1.1958815744395526,1402.0,7.0
W01001230,1.781317431631622,1610.0,8.0
W01001231,0.8524543362709819,1152.0,6.0
W01001232,1.6026380630582002,1560.0,8.0
W01001233,1.8538405974567311,1638.0,8.0
W01001234,-0.10618239034161565,645.0,3.0
W01001235,-1.2666865106044853,299.0,1.0
W01001236,-1.330794800636079,285.0,1.0
W01001237,1.0573569956594455,1306.0,6.0
W01001238,1.0524197948629173,1301.0,6.0
W01001239,1.0979063729527003,1333.0,6.0
W01001240,1.7020854778073078,1582.0,8.0
W01001241,1.7538273427677566,1599.0,8.0
W01001242,1.0677777413967815,1311.0,6.0
W01001243,1.0327410812598379,1280.0,6.0
W01001244,1.44504186028162,1498.0,7.0
W01001245,0.8718840834905733,1164.0,6.0
W01001246,0.8937510088972973,1178.0,6.0
W01001247,1.3929172793761229,1478.0,7.0
W01001248,1.5318919443626862,1534.0,8.0
W01001249,0.828293400331764,1134.0,5.0
W01001250,0.5574471159313974,976.0,5.0
W01001251,0.7977986358286386,1117.0,5.0
W01001252,0.7565948176404996,1086.0,5.0
W01001253,1.1989098813867602,1403.0,7.0
W01001255,0.9923931221764818,1252.0,6.0
W01001256,0.2322823432705768,775.0,4.0
W01001257,0.24576626611680016,779.0,4.0
W01001258,-0.47083916204880194,516.0,2.0
W01001259,1.590285621604219,1555.0,8.0
W01001260,1.5123780748206042,1529.0,8.0
W01001261,1.463934603325764,1503.0,7.0
W01001262,0.44832142786813045,908.0,4.0
W01001263,0.05415554169439924,698.0,3.0
W01001264,0.5680388658016174,981.0,5.0
W01001265,0.20425548602343074,758.0,3.0
W01001266,0.21846809154255342,767.0,4.0
W01001267,0.4582748903271291,917.0,4.0
W01001268,-0.048118619243255986,658.0,3.0
W01001269,1.6969297560718246,1579.0,8.0
W01001270,1.803088066698248,1620.0,8.0
W01001271,1.4931566254500275,1513.0,7.0
W01001272,1.5113195468157572,1526.0,7.0
W01001273,1.7574620322704164,1603.0,8.0
W01001274,1.4940267577564423,1514.0,7.0
W01001275,1.537867396795558,1535.0,8.0
W01001276,1.507859656037064,1523.0,7.0
W01001277,0.8196542043010374,1130.0,5.0
W01001278,0.6838810576134606,1048.0,5.0
W01001279,0.7664019199837814,1092.0,5.0
W01001280,1.6142382193137055,1565.0,8.0
W01001281,1.3550054653899724,1463.0,7.0
W01001282,0.6708328304639314,1040.0,5.0
W01001283,0.7699991532574416,1097.0,5.0
W01001284,0.7070607478046651,1060.0,5.0
W01001285,2.1354918028025986,1747.0,9.0
W01001286,2.2416331799910996,1778.0,9.0
W01001287,1.9943332806638863,1699.0,8.0
W01001288,2.0013819763196325,1702.0,8.0
W01001289,1.0697439185833784,1313.0,6.0
W01001290,2.423323119341616,1813.0,9.0
W01001291,2.728006486407794,1857.0,9.0
W01001292,2.964992909073882,1875.0,9.0
W01001293,2.966176709331988,1876.0,9.0
W01001294,2.7936518248638476,1864.0,9.0
W01001295,2.138211667647368,1748.0,9.0
W01001296,2.30819583560022,1787.0,9.0
W01001297,2.2494376244368293,1780.0,9.0
W01001298,2.182210172940576,1764.0,9.0
W01001299,2.6743306024555817,1848.0,9.0
W01001300,2.840974359476335,1868.0,9.0
W01001301,2.8035762238931916,1865.0,9.0
W01001302,2.092559995982525,1739.0,9.0
W01001305,2.9500075715073577,1873.0,9.0
W01001306,3.047955091099203,1880.0,9.0
W01001307,3.2584331581245145,1891.0,9.0
W01001308,2.380629472524861,1803.0,9.0
W01001309,2.1352116655352478,1746.0,9.0
W01001310,2.598061343496081,1837.0,9.0
W01001311,2.1714171285280273,1759.0,9.0
W01001312,1.8568334147686711,1641.0,8.0
W01001313,1.9639812147775189,1686.0,8.0
W01001314,2.200322225694693,1767.0,9.0
W01001315,3.0696359746856188,1882.0,9.0
W01001317,2.2005072881311087,1768.0,9.0
W01001318,2.6867167312051117,1850.0,9.0
W01001319,2.075801397863188,1730.0,9.0
W01001320,1.7473462518386589,1597.0,8.0
W01001321,1.8926907326618132,1650.0,8.0
W01001322,2.4503325555511313,1817.0,9.0
W01001324,2.747493273694202,1860.0,9.0
W01001325,-3.316541004791912,89.0,0.0
W01001326,0.25155112191151735,784.0,4.0
W01001327,-0.2036246390735947,608.0,3.0
W01001328,0.8600727945262252,1157.0,6.0
W01001329,-0.921621564967644,392.0,2.0
W01001330,1.9356000929467376,1669.0,8.0
W01001331,2.04234798916415,1717.0,8.0
W01001332,1.5882149315284986,1554.0,8.0
W01001333,2.007642078532064,1705.0,8.0
W01001334,-7.005330952761165,3.0,0.0
W01001335,-1.5245982762470014,248.0,1.0
W01001336,0.8420797690784546,1141.0,5.0
W01001337,0.9739437706642038,1239.0,6.0
W01001338,1.1233894084829832,1353.0,7.0
W01001339,0.9077151966845687,1186.0,6.0
W01001340,1.41321172992449,1485.0,7.0
W01001341,1.2167935572011657,1414.0,7.0
W01001342,-0.8485825363893161,410.0,2.0
W01001343,-1.4467277885232617,257.0,1.0
W01001344,1.3568223429135886,1464.0,7.0
W01001345,0.255957795873485,791.0,4.0
W01001346,0.6728797258764344,1041.0,5.0
W01001347,1.5510369910170199,1541.0,8.0
W01001348,1.8606706616889048,1642.0,8.0
W01001349,1.823161046363542,1626.0,8.0
W01001350,1.7551421087897054,1600.0,8.0
W01001351,0.5417017525924268,961.0,5.0
W01001352,2.3315645551081983,1793.0,9.0
W01001353,2.0107450177939445,1707.0,8.0
W01001354,-3.3645572648135778,80.0,0.0
W01001355,-3.0130031155700165,101.0,0.0
W01001356,0.22702138750145398,773.0,4.0
W01001357,0.4364741094528121,897.0,4.0
W01001358,0.7755688484897972,1100.0,5.0
W01001359,0.4856917167335298,934.0,4.0
W01001360,-0.43484131457873615,526.0,2.0
W01001361,1.4986519808421628,1518.0,7.0
W01001362,1.3568455901738314,1465.0,7.0
W01001363,2.048650837085488,1720.0,9.0
W01001364,1.9686298081349873,1689.0,8.0
W01001365,1.7698384809375944,1607.0,8.0
W01001366,2.0834176905925457,1735.0,9.0
W01001367,2.1932877584580237,1766.0,9.0
W01001368,1.9199893555943615,1661.0,8.0
W01001369,1.9443582699336028,1676.0,8.0
W01001370,1.6381393796406631,1571.0,8.0
W01001371,1.5486500872976465,1540.0,8.0
W01001372,1.527002204360549,1532.0,8.0
W01001373,1.564213520052367,1548.0,8.0
W01001374,0.11024793223808955,719.0,3.0
W01001375,1.3448287663350238,1459.0,7.0
W01001376,1.1835150073164973,1395.0,7.0
W01001377,1.7836942345019482,1612.0,8.0
W01001378,2.0082847421320293,1706.0,8.0
W01001379,2.3390416109288825,1796.0,9.0
W01001380,0.9673765922180724,1234.0,6.0
W01001381,0.6135381130925169,1010.0,5.0
W01001382,0.7488903622585134,1080.0,5.0
W01001383,0.6396640009378757,1025.0,5.0
W01001384,-2.6376635731035623,128.0,0.0
W01001385,-2.2569660751679046,159.0,0.0
W01001386,-4.048625058001842,55.0,0.0
W01001387,1.7814372317895832,1611.0,8.0
W01001388,1.8766915767740826,1646.0,8.0
W01001389,1.8546760070012012,1639.0,8.0
W01001390,0.21319928997151652,762.0,3.0
W01001391,0.7386121910845185,1078.0,5.0
W01001392,1.2552330317560618,1429.0,7.0
W01001393,1.7397971487732231,1593.0,8.0
W01001394,1.9398451734456779,1673.0,8.0
W01001395,1.801925963294643,1618.0,8.0
W01001396,1.7134005065579438,1584.0,8.0
W01001397,1.8951500995318689,1652.0,8.0
W01001398,2.038875282864964,1716.0,8.0
W01001399,1.8902743787526084,1649.0,8.0
W01001400,1.9105578181366476,1659.0,8.0
W01001401,1.5024924892220781,1522.0,7.0
W01001402,1.947328055179131,1679.0,8.0
W01001403,1.903608547714955,1656.0,8.0
W01001404,1.9726833666679293,1690.0,8.0
W01001405,1.9345006310779065,1668.0,8.0
W01001406,0.6169951915025269,1013.0,5.0
W01001407,-1.354826143992007,278.0,1.0
W01001408,-1.6304758063432163,220.0,1.0
W01001409,-2.4146030899351323,143.0,0.0
W01001410,-2.1394624125521715,169.0,0.0
W01001411,-3.6931252391712937,60.0,0.0
W01001412,-1.3065557624751534,292.0,1.0
W01001413,-0.9798211502512589,371.0,1.0
W01001414,2.311867878650241,1788.0,9.0
W01001415,2.162366108844397,1757.0,9.0
W01001416,1.810761975291747,1622.0,8.0
W01001417,2.2447414041340528,1779.0,9.0
W01001418,1.9237051926093456,1665.0,8.0
W01001419,0.2884343327795911,809.0,4.0
W01001420,1.5022012321979061,1521.0,7.0
W01001421,1.5574828675075867,1545.0,8.0
W01001422,1.5909723780340959,1557.0,8.0
W01001423,1.793184703130195,1615.0,8.0
W01001424,1.629693479105967,1568.0,8.0
W01001425,1.3485947635670876,1460.0,7.0
W01001426,1.2287958268557777,1420.0,7.0
W01001427,1.8306313691678886,1631.0,8.0
W01001428,1.4470824671945068,1499.0,7.0
W01001429,1.8648407724301124,1645.0,8.0
W01001430,-0.24391960395811435,590.0,3.0
W01001431,0.5535368433629972,973.0,5.0
W01001432,1.9012698356474311,1655.0,8.0
W01001433,1.6027108405605712,1561.0,8.0
W01001434,1.9832320001036001,1695.0,8.0
W01001435,1.2672186949294688,1435.0,7.0
W01001436,1.509850103228029,1524.0,7.0
W01001437,1.5108497248203485,1525.0,7.0
W01001438,1.737949824040312,1592.0,8.0
W01001439,1.4570224630505237,1501.0,7.0
W01001440,0.6097722043773952,1008.0,5.0
W01001441,1.0109905846415377,1261.0,6.0
W01001442,1.2636108698821866,1433.0,7.0
W01001443,1.7593973747947587,1604.0,8.0
W01001444,1.1822717938795906,1393.0,7.0
W01001445,1.6317530930222672,1569.0,8.0
W01001446,-0.20723111893426108,606.0,3.0
W01001447,-0.3899914835460517,537.0,2.0
W01001448,-1.1892792631764857,317.0,1.0
W01001449,-1.0745008053789682,341.0,1.0
W01001450,2.022101472673047,1712.0,8.0
W01001451,0.7788969703790705,1103.0,5.0
W01001452,1.9203102715010425,1663.0,8.0
W01001453,1.4984680517873956,1517.0,7.0
W01001454,1.4068755430920317,1483.0,7.0
W01001455,1.6131481894634263,1564.0,8.0
W01001456,1.5154912818631634,1530.0,8.0
W01001457,1.8874651429419615,1647.0,8.0
W01001458,1.9522804706687558,1682.0,8.0
W01001459,1.8885086529242108,1648.0,8.0
W01001460,1.677118375850576,1575.0,8.0
W01001461,1.8550811631177893,1640.0,8.0
W01001462,1.9649392937191241,1687.0,8.0
W01001463,2.224795383932397,1773.0,9.0
W01001464,0.5447288038919966,964.0,5.0
W01001465,1.2365260118296506,1426.0,7.0
W01001466,0.6280407605216959,1019.0,5.0
W01001467,0.06327357384896182,703.0,3.0
W01001468,0.6138782003064603,1011.0,5.0
W01001469,1.2163571025986162,1413.0,7.0
W01001470,1.465474226625446,1505.0,7.0
W01001471,1.556688145177997,1543.0,8.0
W01001472,1.8501893335971118,1636.0,8.0
W01001473,1.8962920187233672,1653.0,8.0
W01001474,1.6090632796802613,1563.0,8.0
W01001475,2.0609279465112555,1727.0,9.0
W01001478,0.723611335642734,1070.0,5.0
W01001479,2.1256647780343223,1744.0,9.0
W01001480,2.018027145914995,1709.0,8.0
W01001481,2.5560407214997545,1832.0,9.0
W01001482,0.9250690847519664,1203.0,6.0
W01001483,0.9656437593164999,1232.0,6.0
W01001484,0.9438015476975224,1214.0,6.0
W01001485,1.0695017256692463,1312.0,6.0
W01001486,1.123788372236893,1354.0,7.0
W01001487,0.8645612660896602,1160.0,6.0
W01001488,0.5488308363283562,970.0,5.0
W01001489,0.8128101986049496,1127.0,5.0
W01001490,0.4776752917211446,926.0,4.0
W01001491,0.5396387609853123,959.0,5.0
W01001492,-3.0835013796351958,100.0,0.0
W01001493,-0.8155537941660599,416.0,2.0
W01001494,-1.246833018687252,304.0,1.0
W01001495,-1.6113959808533185,228.0,1.0
W01001496,0.19547863617619077,751.0,3.0
W01001497,-0.29468897188221543,564.0,2.0
W01001498,-2.1209241518788047,173.0,0.0
W01001499,-0.6525197712179809,463.0,2.0
W01001500,-1.2830327180740102,295.0,1.0
W01001501,-0.9750088104611484,372.0,1.0
W01001502,-1.0651764331399238,345.0,1.0
W01001503,-1.0253209760370867,359.0,1.0
W01001504,-5.281769006775155,18.0,0.0
W01001505,-3.3274177716982907,86.0,0.0
W01001506,-1.6669709441477603,213.0,1.0
W01001507,-2.123192094569,172.0,0.0
W01001508,-2.9602086827863823,107.0,0.0
W01001509,-2.086220379324506,178.0,0.0
W01001510,0.24935384363192878,782.0,4.0
W01001511,-0.34044084754052273,551.0,2.0
W01001512,-0.13408030983592029,629.0,3.0
W01001513,0.16346754626296803,735.0,3.0
W01001514,-1.229161140437067,307.0,1.0
W01001515,-0.20706071716273802,607.0,3.0
W01001516,0.5803455448815743,988.0,5.0
W01001517,0.39858415805200953,881.0,4.0
W01001518,0.8459659309914055,1147.0,6.0
W01001519,-0.6774020635509015,453.0,2.0
W01001520,0.3128014128792273,831.0,4.0
W01001521,-0.1082216719168432,641.0,3.0
W01001522,0.6823505922867543,1047.0,5.0
W01001523,0.5730468217702256,983.0,5.0
W01001524,-0.2743058632487773,571.0,2.0
W01001525,0.3523662311690043,854.0,4.0
W01001526,-1.6517659536619018,219.0,1.0
W01001527,-2.336091553553894,149.0,0.0
W01001528,-0.2444762808474214,589.0,3.0
W01001529,0.7215471792929016,1067.0,5.0
W01001530,0.4207358976064671,893.0,4.0
W01001531,0.5842936064898041,991.0,5.0
W01001532,-4.155506664498476,48.0,0.0
W01001533,-2.9946674053497526,104.0,0.0
W01001534,-5.1005378125467855,20.0,0.0
W01001535,-3.372191678509508,79.0,0.0
W01001536,-0.9120960722832356,395.0,2.0
W01001537,0.2505802648257019,783.0,4.0
W01001538,-0.4740311246886115,514.0,2.0
W01001539,-0.10865252884469714,640.0,3.0
W01001540,0.21094723477912644,759.0,3.0
W01001541,0.4828589322531311,930.0,4.0
W01001542,2.1604348749167013,1756.0,9.0
W01001543,2.0059183367234716,1704.0,8.0
W01001545,1.7258430156161004,1589.0,8.0
W01001546,1.9575647302270411,1683.0,8.0
W01001548,1.2343411242163835,1423.0,7.0
W01001549,2.4639215268727384,1822.0,9.0
W01001551,1.907889942784012,1657.0,8.0
W01001552,2.1586461582383687,1755.0,9.0
W01001554,2.1748745205209215,1760.0,9.0
W01001555,0.6404701655741689,1026.0,5.0
W01001556,0.7306488816255442,1076.0,5.0
W01001557,1.9449433889384111,1678.0,8.0
W01001558,1.9659573107439778,1688.0,8.0
W01001559,2.3964468595141737,1809.0,9.0
W01001560,1.54704071439319,1539.0,8.0
W01001561,1.1072739150386375,1342.0,7.0
W01001562,0.6580363840043167,1034.0,5.0
W01001563,1.337050563875987,1455.0,7.0
W01001565,1.3634164251768837,1470.0,7.0
W01001568,2.0562489263774935,1723.0,9.0
W01001569,1.2037880997024748,1408.0,7.0
W01001571,1.7012113539071578,1581.0,8.0
W01001572,2.2049961638192546,1769.0,9.0
W01001573,2.18079824304611,1761.0,9.0
W01001574,2.1416760352265123,1750.0,9.0
W01001575,2.190882459686009,1765.0,9.0
W01001576,1.9956348877124956,1700.0,8.0
W01001577,2.0679328748124512,1728.0,9.0
W01001578,2.1496700679350993,1752.0,9.0
W01001579,1.9207849939130384,1664.0,8.0
W01001580,1.986834807922699,1697.0,8.0
W01001581,2.0037192469783567,1703.0,8.0
W01001582,2.049763931161683,1721.0,9.0
W01001583,2.7178367567955597,1854.0,9.0
W01001584,2.38157897013382,1804.0,9.0
W01001585,2.3877745449423142,1805.0,9.0
W01001586,2.3782798842179247,1802.0,9.0
W01001587,2.4137728560869083,1810.0,9.0
W01001588,1.9963807009586039,1701.0,8.0
W01001589,1.9418659302018024,1675.0,8.0
W01001590,2.3175200712239383,1790.0,9.0
W01001591,2.0906792942131274,1738.0,9.0
W01001592,2.3590501936916946,1799.0,9.0
W01001593,2.3336533238810997,1794.0,9.0
W01001594,2.4350553641696955,1815.0,9.0
W01001595,2.077054736051149,1732.0,9.0
W01001596,2.3894830618296234,1806.0,9.0
W01001597,2.511883516963067,1828.0,9.0
W01001598,1.9377237738281112,1672.0,8.0
W01001599,2.1402254977733315,1749.0,9.0
W01001600,2.6462770954384203,1844.0,9.0
W01001601,2.058592999070081,1724.0,9.0
W01001602,2.7309230887747673,1858.0,9.0
W01001603,2.9308278351242087,1870.0,9.0
W01001604,2.2277870918286093,1775.0,9.0
W01001605,3.1194760342866727,1885.0,9.0
W01001606,2.3175071932421236,1789.0,9.0
W01001607,2.5856252837293257,1836.0,9.0
W01001608,2.439535178436351,1816.0,9.0
W01001609,2.283204606776665,1783.0,9.0
W01001610,2.4994716701930146,1827.0,9.0
W01001611,2.6426961465684604,1843.0,9.0
W01001612,2.640901881485021,1842.0,9.0
W01001613,2.7126000796948744,1852.0,9.0
W01001614,2.22602492317852,1774.0,9.0
W01001615,2.3198325159288182,1792.0,9.0
W01001616,2.5206572181061975,1829.0,9.0
W01001617,0.42069444979942966,892.0,4.0
W01001618,1.7406928351242048,1595.0,8.0
W01001619,-0.9347786818318989,385.0,2.0
W01001620,1.7787507261519149,1609.0,8.0
W01001621,-1.2122853942882634,314.0,1.0
W01001622,-1.870854833192933,192.0,1.0
W01001623,1.924534431984165,1666.0,8.0
W01001624,2.020190011101368,1710.0,8.0
W01001625,2.0237073489011066,1713.0,8.0
W01001626,1.8489298872216477,1635.0,8.0
W01001627,0.4130393999726828,886.0,4.0
W01001628,1.8182071856124113,1625.0,8.0
W01001629,2.7928820848197637,1863.0,9.0
W01001630,2.463789768576196,1821.0,9.0
W01001631,2.3762459158363995,1801.0,9.0
W01001632,2.126952512521691,1745.0,9.0
W01001633,2.2075191708373305,1770.0,9.0
W01001634,2.181366940015017,1762.0,9.0
W01001635,1.6168067724854818,1566.0,8.0
W01001636,0.2641174251978176,798.0,4.0
W01001637,1.7434340699031945,1596.0,8.0
W01001638,1.3160060525073094,1451.0,7.0
W01001639,1.6822136879177585,1576.0,8.0
W01001640,2.17110711311107,1758.0,9.0
W01001641,2.015017859853577,1708.0,8.0
W01001642,2.574924273879837,1835.0,9.0
W01001643,2.464711278434495,1823.0,9.0
W01001645,2.9351046221213166,1872.0,9.0
W01001646,2.636923153138373,1841.0,9.0
W01001648,3.0865967505107905,1884.0,9.0
W01001650,1.6061943361465416,1562.0,8.0
W01001651,0.058428503946385026,699.0,3.0
W01001652,1.1860915528379552,1396.0,7.0
W01001653,1.1312456255948196,1356.0,7.0
W01001654,2.0590022531882286,1725.0,9.0
W01001655,2.1417627680142055,1751.0,9.0
W01001657,0.8380826663320874,1138.0,5.0
W01001658,1.1066743486266861,1340.0,7.0
W01001659,2.2670384269296258,1781.0,9.0
W01001660,2.319616993478886,1791.0,9.0
W01001661,1.9592255259616764,1684.0,8.0
W01001662,2.3344980428097855,1795.0,9.0
W01001663,1.6537453125871713,1572.0,8.0
W01001664,1.7268547836214738,1591.0,8.0
W01001665,1.9202728431419374,1662.0,8.0
W01001666,1.8020906266487036,1619.0,8.0
W01001667,1.8144719391645339,1624.0,8.0
W01001668,2.04829726090421,1719.0,9.0
W01001669,1.5644013662287577,1549.0,8.0
W01001670,-0.22108953351035848,600.0,3.0
W01001671,1.3118665359428743,1449.0,7.0
W01001673,1.5433634784472097,1537.0,8.0
W01001674,1.4472984218138696,1500.0,7.0
W01001675,2.5484317580580558,1831.0,9.0
W01001676,2.4140961159304233,1811.0,9.0
W01001677,2.3706162842934706,1800.0,9.0
W01001678,2.1815062673392,1763.0,9.0
W01001679,2.4187786459711766,1812.0,9.0
W01001680,2.840490343271254,1867.0,9.0
W01001681,2.047829725977612,1718.0,9.0
W01001682,1.838992676162658,1632.0,8.0
W01001683,2.0596344579322663,1726.0,9.0
W01001684,1.7728954996798518,1608.0,8.0
W01001685,1.722854015044165,1588.0,8.0
W01001686,2.7445376937846735,1859.0,9.0
W01001687,0.019620813415886024,679.0,3.0
W01001689,1.975194007638573,1691.0,8.0
W01001690,2.559626699438516,1833.0,9.0
W01001691,2.390780689255937,1807.0,9.0
W01001692,2.2336428168903497,1777.0,9.0
W01001693,1.5007147018688929,1519.0,7.0
W01001694,-1.3043431054167451,293.0,1.0
W01001695,-2.2483282902898485,160.0,0.0
W01001696,-1.72069909118051,208.0,1.0
W01001697,-0.31043650146525353,558.0,2.0
W01001698,-0.22525625766613952,598.0,3.0
W01001699,-0.5838352315314004,482.0,2.0
W01001702,0.7849813861662626,1109.0,5.0
W01001703,0.7912507223355699,1113.0,5.0
W01001704,0.6470711323038991,1028.0,5.0
W01001705,0.7800671939529461,1106.0,5.0
W01001706,0.4080046570063227,883.0,4.0
W01001707,0.5453553527688101,965.0,5.0
W01001708,0.9077199209248421,1187.0,6.0
W01001710,1.0018226791443714,1258.0,6.0
W01001711,0.8690278109880568,1162.0,6.0
W01001712,1.2206082124748099,1416.0,7.0
W01001713,1.090651463855575,1326.0,6.0
W01001714,0.43283201574887575,896.0,4.0
W01001715,1.0531584575155055,1302.0,6.0
W01001716,0.2582863088825384,795.0,4.0
W01001717,0.8444914604659185,1145.0,5.0
W01001718,0.8000956564773328,1119.0,5.0
W01001719,1.01624460545297,1267.0,6.0
W01001720,0.6744479373113049,1042.0,5.0
W01001721,0.8030649711749982,1121.0,5.0
W01001722,0.6043704015848943,1005.0,5.0
W01001724,0.6149370821997977,1012.0,5.0
W01001725,-0.011611565501495493,671.0,3.0
W01001726,0.44473160209197743,904.0,4.0
W01001727,1.374287337593841,1471.0,7.0
W01001728,1.4012310385276912,1479.0,7.0
W01001729,1.2000323723012738,1404.0,7.0
W01001730,-0.12148462734132669,634.0,3.0
W01001731,-0.45673682695772555,523.0,2.0
W01001732,-0.5028349441373534,510.0,2.0
W01001733,-0.09008223621937135,652.0,3.0
W01001734,-0.500937397189523,511.0,2.0
W01001735,-0.02786068070934311,666.0,3.0
W01001736,-0.10799615649717134,642.0,3.0
W01001737,0.7135643361210802,1063.0,5.0
W01001738,0.932040197786612,1207.0,6.0
W01001739,0.871621793089282,1163.0,6.0
W01001740,0.8594256017750932,1156.0,6.0
W01001741,0.9406744542114457,1210.0,6.0
W01001742,0.9100351272619278,1191.0,6.0
W01001743,0.6554322822348265,1033.0,5.0
W01001744,0.5593503541122339,978.0,5.0
W01001745,0.712474471396973,1062.0,5.0
W01001746,0.3095131599099847,827.0,4.0
W01001747,2.293259627625577,1784.0,9.0
W01001748,1.1360008438677203,1360.0,7.0
W01001749,1.4673376565980818,1506.0,7.0
W01001750,0.6438743926110881,1027.0,5.0
W01001751,0.7654395858709896,1091.0,5.0
W01001752,0.5946001681144231,997.0,5.0
W01001753,0.8221245200842849,1131.0,5.0
W01001754,0.45266883545809744,911.0,4.0
W01001755,0.2716988636943891,803.0,4.0
W01001756,0.2204410727753867,768.0,4.0
W01001757,0.29382279912074893,811.0,4.0
W01001758,0.07640101571415206,705.0,3.0
W01001759,0.9092377492450922,1190.0,6.0
W01001760,0.6977821152907745,1055.0,5.0
W01001761,1.152355830050227,1373.0,7.0
W01001762,0.9180134711242102,1196.0,6.0
W01001764,0.15821208766684813,733.0,3.0
W01001765,0.7938800552092217,1115.0,5.0
W01001766,0.7057824899002056,1058.0,5.0
W01001767,0.95823697531668,1225.0,6.0
W01001768,1.3387959374553877,1457.0,7.0
W01001769,-0.6373475505238936,466.0,2.0
W01001770,-1.00882484172739,363.0,1.0
W01001771,-0.4200551983267788,529.0,2.0
W01001772,-0.3892036499169416,538.0,2.0
W01001773,-0.47583281158294755,513.0,2.0
W01001774,-2.0963485024645596,176.0,0.0
W01001775,-1.0391106434374566,357.0,1.0
W01001776,-1.7436791840260468,207.0,1.0
W01001777,0.031674029932015645,686.0,3.0
W01001778,0.33929027405316187,843.0,4.0
W01001779,1.1388658497491484,1362.0,7.0
W01001780,1.4198607213609273,1490.0,7.0
W01001781,0.9649603038921385,1230.0,6.0
W01001782,0.9030065362790023,1185.0,6.0
W01001783,5.070806026878844,1904.0,9.0
W01001784,2.719666298594718,1855.0,9.0
W01001785,0.478541167859073,928.0,4.0
W01001786,1.1582893435868318,1375.0,7.0
W01001787,-0.15243198612677786,624.0,3.0
W01001788,0.3787691204481241,870.0,4.0
W01001789,1.3592375769915828,1468.0,7.0
W01001790,0.8195633061475766,1129.0,5.0
W01001791,-0.4667670414477872,519.0,2.0
W01001792,-0.4629713090520845,521.0,2.0
W01001793,0.3309300092881499,837.0,4.0
W01001794,0.08334923144416594,707.0,3.0
W01001795,0.5729565789282304,982.0,5.0
W01001796,0.30879101519407265,826.0,4.0
W01001797,-0.2776872603085727,570.0,2.0
W01001798,0.09154749095926658,712.0,3.0
W01001799,-0.2905052654180082,567.0,2.0
W01001800,-0.5246697601951139,500.0,2.0
W01001802,0.6787443535634563,1044.0,5.0
W01001803,0.3864218285032639,874.0,4.0
W01001804,0.46986051128185075,924.0,4.0
W01001805,0.3897757817396195,877.0,4.0
W01001806,0.2460626415793957,780.0,4.0
W01001807,0.5877339153716531,993.0,5.0
W01001808,0.513034472212663,947.0,4.0
W01001809,-0.25413019728407105,586.0,3.0
W01001810,-0.13307606419796528,630.0,3.0
W01001811,0.32792544080825026,836.0,4.0
W01001812,-0.2610224872565836,580.0,3.0
W01001813,-0.06492350871380251,656.0,3.0
W01001814,0.43845507321906185,899.0,4.0
W01001815,0.24477193267944647,778.0,4.0
W01001816,0.5489658187623282,971.0,5.0
W01001817,0.7246945886750026,1072.0,5.0
W01001818,0.31430282999905823,832.0,4.0
W01001819,1.520830518327564,1531.0,8.0
W01001820,1.8393958069928595,1633.0,8.0
W01001821,0.5903095375865948,994.0,5.0
W01001822,0.006020601570320677,676.0,3.0
W01001823,0.21534830856819334,765.0,4.0
W01001824,0.13974729864748991,729.0,3.0
W01001825,0.015697784639792784,677.0,3.0
W01001826,0.36447558200781793,861.0,4.0
W01001827,0.5921627680070162,995.0,5.0
W01001828,0.23718070234183836,776.0,4.0
W01001829,-0.6328596861159236,469.0,2.0
W01001830,0.46536212125302195,923.0,4.0
W01001831,0.14147445228699648,730.0,3.0
W01001832,-2.117076950453749,174.0,0.0
W01001833,0.08452022628920261,708.0,3.0
W01001834,-0.23832270183098186,592.0,3.0
W01001835,-2.4025200647087153,144.0,0.0
W01001836,0.626322030020138,1016.0,5.0
W01001837,,,
W01001838,0.5446522345431895,963.0,5.0
W01001839,0.8076411157520418,1126.0,5.0
W01001840,0.8832984284018514,1170.0,6.0
W01001841,0.2964613118119986,816.0,4.0
W01001842,0.36450999264454004,862.0,4.0
W01001844,0.4517476000740967,910.0,4.0
W01001846,1.1039645431162606,1336.0,7.0
W01001847,0.9809696834628612,1245.0,6.0
W01001848,-0.3654208913594555,544.0,2.0
W01001849,0.48603515173038786,935.0,4.0
W01001850,-0.25649713109461114,584.0,3.0
W01001851,-0.007868799358179177,672.0,3.0
W01001852,0.36871600351776607,865.0,4.0
W01001853,-0.22452470396376353,599.0,3.0
W01001854,-0.2724214017116394,572.0,2.0
W01001855,0.6598287414132799,1035.0,5.0
W01001856,-0.12253510874893743,632.0,3.0
W01001857,1.0382541955445608,1284.0,6.0
W01001858,1.1068646260309203,1341.0,7.0
W01001859,1.307366682410248,1447.0,7.0
W01001860,1.422164230037506,1491.0,7.0
W01001861,1.0342679756254753,1281.0,6.0
W01001862,0.408309107335403,884.0,4.0
W01001863,0.24651422316737687,781.0,4.0
W01001864,0.030859076929688634,685.0,3.0
W01001865,0.04451874921079386,695.0,3.0
W01001866,0.4527306327165082,912.0,4.0
W01001867,0.294158576978921,814.0,4.0
W01001868,0.12792925839883157,721.0,3.0
W01001869,0.03556672882393413,688.0,3.0
W01001870,-0.04789501056269144,659.0,3.0
W01001871,-0.11197531447681713,638.0,3.0
W01001872,-0.34011953156338737,552.0,2.0
W01001873,-0.6362270645768769,468.0,2.0
W01001874,-1.0399299305675402,356.0,1.0
W01001876,0.16620881141469349,737.0,3.0
W01001877,0.2145259887184133,764.0,4.0
W01001878,0.5572400695494447,975.0,5.0
W01001879,0.7151738953432959,1065.0,5.0
W01001880,0.25354616075138076,788.0,4.0
W01001881,0.9580899869929084,1224.0,6.0
W01001882,0.3647978476633493,863.0,4.0
W01001883,0.5767775645779883,986.0,5.0
W01001884,0.4203600723940255,890.0,4.0
W01001885,0.4567127988542347,916.0,4.0
W01001886,0.4398850779186622,901.0,4.0
W01001887,0.5047712402937002,945.0,4.0
W01001888,0.9868821770853332,1249.0,6.0
W01001889,0.01641231782003888,678.0,3.0
W01001890,-0.5932755598911473,477.0,2.0
W01001891,0.3928245179879642,878.0,4.0
W01001892,-0.34358153615101866,549.0,2.0
W01001893,0.9974496592930997,1256.0,6.0
W01001894,0.44458570896762717,903.0,4.0
W01001895,0.6514773005461968,1029.0,5.0
W01001896,0.30449113405783496,824.0,4.0
W01001897,-1.5585643952030939,240.0,1.0
W01001898,2.4733259610488467,1824.0,9.0
W01001899,-0.9350498174232208,384.0,2.0
W01001900,-0.6603290232461565,458.0,2.0
W01001901,-6.013821304854349,8.0,0.0
W01001902,-4.531760762165629,34.0,0.0
W01001903,1.488043560427403,1512.0,7.0
W01001904,1.1516586436872296,1371.0,7.0
W01001905,-1.1368573209691848,329.0,1.0
W01001906,-0.2936868940367516,565.0,2.0
W01001907,0.6772574122666177,1043.0,5.0
W01001908,1.9373988009342074,1671.0,8.0
W01001910,-1.2168347264236927,313.0,1.0
W01001911,-1.3040004019740041,294.0,1.0
W01001912,1.4708897268867107,1508.0,7.0
W01001913,1.7866212525281528,1613.0,8.0
W01001914,1.0225552251045351,1272.0,6.0
W01001915,0.9014735134928608,1183.0,6.0
W01001916,0.8075403392511504,1125.0,5.0
W01001917,0.8640008697880467,1159.0,6.0
W01001918,1.0794993546300624,1318.0,6.0
W01001919,1.2293505254078532,1421.0,7.0
W01001920,1.2973475024010828,1444.0,7.0
W01001921,1.1135792222647705,1347.0,7.0
W01001922,-0.8575776305415459,405.0,2.0
W01001923,0.42029143487937964,889.0,4.0
W01001924,0.49747902778568376,942.0,4.0
W01001925,0.7436787082317484,1079.0,5.0
W01001926,-0.309594958525627,559.0,2.0
W01001927,-1.4374658570260492,261.0,1.0
W01001928,-0.8965784530145016,400.0,2.0
W01001929,1.035708693507283,1283.0,6.0
W01001930,0.8454786024543467,1146.0,6.0
W01001931,1.176737662228028,1388.0,7.0
W01001932,0.18181448242272474,745.0,3.0
W01001933,-0.09271524886011336,650.0,3.0
W01001935,-1.7995692189737518,202.0,1.0
W01001936,-1.6736452731415403,212.0,1.0
W01001937,-3.343788458143042,82.0,0.0
W01001940,-0.696713516447486,449.0,2.0
W01001942,0.4205636444797162,891.0,4.0
W01001943,0.20363277274893907,757.0,3.0
W01001944,-1.1442953598274284,324.0,1.0
W01001946,0.7915359281372978,1114.0,5.0
W01001947,0.8735711878854905,1168.0,6.0
W01001948,1.4170952049580685,1489.0,7.0
W01001949,-0.38354759541020067,540.0,2.0
W01001950,-0.19817163192972967,611.0,3.0
W01001951,-1.6062130023199381,230.0,1.0
W01001952,-0.15042172134220824,625.0,3.0
W01001953,-0.36705064284188477,543.0,2.0
W01001954,0.18746497446734356,748.0,3.0
W01001955,0.8529542602674547,1154.0,6.0
W01001956,1.0439080329409673,1290.0,6.0
W01001958,0.7912113817138366,1112.0,5.0
W01001959,2.651137061240127,1845.0,9.0
W01001960,2.839459996528657,1866.0,9.0
W01001961,1.7960408855624173,1616.0,8.0
W01001962,2.1147556531264677,1743.0,9.0
W01001963,1.7564400795423896,1602.0,8.0
W01001964,-0.25318214529552274,587.0,3.0
W01001965,1.1621305430054043,1377.0,7.0
W01001966,1.0621747621720292,1310.0,6.0
W01001967,1.2386084415314302,1427.0,7.0
W01001968,1.1751803694452057,1386.0,7.0
W01001969,1.2140036793891955,1412.0,7.0
W01001970,0.522312240006565,954.0,4.0
W01001971,0.5308435242384416,955.0,5.0
W01001972,0.7653279762879517,1090.0,5.0
W01001973,1.38886193057262,1476.0,7.0
W01001974,1.863491190075767,1644.0,8.0
W01001975,1.8997326596272064,1654.0,8.0
W01001976,1.423654055816816,1492.0,7.0
W01001977,1.863169374037533,1643.0,8.0
W01001978,2.0813413480505156,1733.0,9.0
W01001979,2.075939181111844,1731.0,9.0
W01001980,1.5831944189701654,1551.0,8.0
W01001981,-0.19991434565485694,610.0,3.0
W01001982,0.5628024554379564,980.0,5.0
W01001983,0.38647896604005494,875.0,4.0
W01001984,0.5789642185678218,987.0,5.0
W01001985,-0.020115543532964675,670.0,3.0
W01001986,0.13424865732763047,725.0,3.0
W01001987,0.19939691467470105,754.0,3.0
W01001988,-0.45600297338873974,524.0,2.0
W01001989,0.0681738144874827,704.0,3.0
W01001990,1.2259780069257198,1417.0,7.0
W01001991,-1.0613414535230223,346.0,1.0
W01001992,-0.9679942935952118,374.0,1.0
W01001993,-0.7644551136940119,430.0,2.0
W01001994,-0.09576611880286501,647.0,3.0
W01001995,0.6374451478020877,1024.0,5.0
W01001996,0.5959297703428976,998.0,5.0
W01001997,0.9141580594604611,1193.0,6.0
W01001998,,,
W01001999,1.074418850521121,1315.0,6.0
W01002000,-0.8475540442892949,412.0,2.0
W01002001,0.08737174480498172,711.0,3.0
W01002002,-0.511001100168859,507.0,2.0
W01002003,-0.5637050737048412,492.0,2.0
W01002004,0.39803461485433833,880.0,4.0
W01002005,-0.9239318383071276,388.0,2.0
W01002007,-2.4864415837500453,136.0,0.0
W01002008,-0.7112332631694243,445.0,2.0
W01002009,-1.0559173914476199,347.0,1.0
W01002010,0.36192635349998203,859.0,4.0
W01002011,-0.26085005346550766,581.0,3.0
W01002012,0.822777609032145,1132.0,5.0
W01002013,3.2130434950335673,1890.0,9.0
W01002014,0.8048258633865835,1123.0,5.0
W01002016,0.5521044866960909,972.0,5.0
W01002017,0.5374430533555856,958.0,5.0
W01002018,0.4516401554453482,909.0,4.0
W01002019,-1.113081962699087,336.0,1.0
W01002020,0.1318418731637957,723.0,3.0
W01002021,-0.3705396618186367,542.0,2.0
W01002022,0.1975353687517492,753.0,3.0
W01002023,0.5857881191325996,992.0,5.0
W01002024,0.8857641936456594,1171.0,6.0
W01002025,1.0244060215254036,1274.0,6.0
W01002026,2.153532240112675,1754.0,9.0
W01002027,1.91672314337458,1660.0,8.0
W01002028,1.431234661291818,1494.0,7.0
W01002029,1.573522632001075,1550.0,8.0
W01002030,2.3916561534339036,1808.0,9.0
W01002031,2.3409710063865736,1797.0,9.0
W01002032,2.4954471777973635,1825.0,9.0
W01002033,2.2115025881174146,1771.0,9.0
W01002034,2.0884364524482284,1737.0,9.0
W01002035,1.9623644527737703,1685.0,8.0
W01002036,1.039169318470773,1286.0,6.0
W01002037,1.178750629124297,1389.0,7.0
W01002038,-1.603926312552107,231.0,1.0
W01002039,,,
W01002040,,,
