,postcode,loneliness_zscore,ranked,deciles
0,AB101NW,-2.2816682263950834,131.0,1
1,AB101QB,7.929573851957642,730.0,9
2,AB101UT,2.582971321693861,633.0,8
3,AB101YE,1.1029059041762808,535.0,7
4,AB107QQ,-1.7355480574061908,192.0,2
5,AB117XH,3.7624073742651163,675.0,9
6,AB118ER,0.29226152218832024,448.0,6
7,AB124QP,-2.059730859602279,149.0,2
8,AB125NA,-1.9179924086776066,173.0,2
9,AB140RP,-1.8547243032440761,181.0,2
10,AB154ZT,-0.010126840953767452,411.0,5
11,AB157YT,-0.014283115356779258,409.0,5
12,AB158TB,-3.1714356956807768,63.0,0
13,AB159EP,-5.370233227827782,8.0,0
14,AB159LQ,5.030347189755843,701.0,9
15,AB217NQ,3.571814572354928,668.0,9
16,AB219AN,-0.4618172362388069,342.0,4
17,AB219DG,-5.535440570908773,6.0,0
18,AB228LD,1.7512799236066576,590.0,8
19,AB228ZP,1.341467528739296,559.0,7
20,AB242AS,0.32511798742358844,454.0,6
21,AB243NG,4.161858638115078,686.0,9
22,AB245AU,0.3770792986178581,465.0,6
23,AB245HT,21.457329189851443,737.0,9
24,AB245RS,-1.365627288245289,228.0,3
25,AB251QB,1.5053004019300424,569.0,7
26,AB252AY,-0.8189526078861935,298.0,4
27,AB252XE,2.162631233189113,608.0,8
28,AB253TX,0.22626168500637717,441.0,5
29,AB301GX,-0.6153084365865694,323.0,4
30,AB301XU,1.8433951590583604,596.0,8
31,AB314JQ,0.8398363998745857,513.0,6
32,AB315XS,-1.1040231146078807,256.0,3
33,AB326FG,0.9294433781796064,523.0,7
34,AB338FL,-1.9098150026697318,176.0,2
35,AB345HQ,-2.0078701867184034,163.0,2
36,AB355NN,-1.0881884524606709,257.0,3
37,AB355WR,-0.5586110980829226,332.0,4
38,AB368XB,1.92878689074908,599.0,8
39,AB379AN,-0.1282653253300559,390.0,5
40,AB389PR,0.22783059953257173,442.0,5
41,AB392EL,0.8031745845989207,508.0,6
42,AB417NX,3.118751416584357,651.0,8
43,AB419AH,1.5584290673295071,574.0,7
44,AB420QQ,1.5820953106133853,579.0,7
45,AB422XA,-0.2825781019086658,373.0,5
46,AB425GP,2.5843298573090885,634.0,8
47,AB436NE,3.219628445568709,655.0,8
48,AB438QJ,7.486088945065705,727.0,9
49,AB439JW,-2.824180293752351,87.0,1
50,AB439NH,-3.1256987941166106,67.0,0
51,AB451JD,0.07830983333406416,424.0,5
52,AB452GB,1.5062421504803902,570.0,7
53,AB510JZ,0.33297533453271955,456.0,6
54,AB513UL,-1.6878755335544375,196.0,2
55,AB515NB,-2.7141453206914052,93.0,1
56,AB526JJ,0.8964478036284768,520.0,7
57,AB534DQ,-1.198446254312245,248.0,3
58,AB548EX,-2.1111405573290725,146.0,1
59,AB554FJ,0.3950812399624941,466.0,6
60,AB555DJ,0.7440201246698025,498.0,6
61,AB561FP,0.7784123735778585,504.0,6
62,AB561JE,-1.4599262939635314,220.0,2
63,DD100RU,0.17056536551656212,433.0,5
64,DD108TY,-0.0842051169817074,399.0,5
65,DD111AD,0.7686502487402121,501.0,6
66,DD111EN,-2.9526076129717334,80.0,1
67,DD111ES,-0.8417963256021372,297.0,4
68,DD114TX,5.5683936571208905,706.0,9
69,DD11PB,0.49370867874079516,474.0,6
70,DD11PF,-1.0177264831001378,269.0,3
71,DD14JH,0.42352202887976265,469.0,6
72,DD15LA,2.2206884025702607,613.0,8
73,DD22HZ,-1.7178207890148054,195.0,2
74,DD23BR,-1.9187385102722243,172.0,2
75,DD24AD,-0.8430748334801932,296.0,4
76,DD25AD,1.4175713549925097,564.0,7
77,DD25NH,-1.8249360565812012,185.0,2
78,DD36NF,-1.9152987539231372,174.0,2
79,DD38DB,-0.001504661188314993,413.0,5
80,DD38NE,-2.160126206061664,141.0,1
81,DD40HJ,-0.2729985026535757,375.0,5
82,DD46DG,-0.6675934603899573,316.0,4
83,DD46EL,-2.0735445023551256,147.0,1
84,DD46PP,-0.6852414961152097,313.0,4
85,DD46QY,-0.950320491969723,280.0,3
86,DD46RB,-2.5136558329653305,108.0,1
87,DD46SW,-0.12047949544170164,391.0,5
88,DD47AA,-0.9884998798107878,273.0,3
89,DD51DU,2.359747736161245,623.0,8
90,DD51EP,0.15826090573219162,431.0,5
91,DD54LX,-1.1771961020117379,251.0,3
92,DD68DJ,-0.35984071431601783,359.0,4
93,DD77RB,-1.1158138831109976,255.0,3
94,DD82AE,1.1055646682350873,536.0,7
95,DD82AS,0.3519233070542008,461.0,6
96,DD82HA,0.07995856318237388,425.0,5
97,DD84ES,0.7407242676275445,497.0,6
98,DD97AN,2.8294086724053957,643.0,8
99,DD97TA,0.03309072683530423,418.0,5
100,DG109JP,-1.1281122071133256,253.0,3
101,DG111NH,-3.024695598830438,74.0,0
102,DG112BJ,1.629267149864936,584.0,7
103,DG113BT,-2.0162614490389377,158.0,2
104,DG11DL,-2.4421082240372884,113.0,1
105,DG11TR,1.5477512219881764,573.0,7
106,DG126GN,-3.9399623126399765,24.0,0
107,DG126GS,-2.011868370154163,161.0,2
108,DG12PX,-5.120276009090639,10.0,0
109,DG130JY,1.2367765656428946,550.0,7
110,DG140UX,5.632481767378945,707.0,9
111,DG14EJ,-1.9768537645340594,165.0,2
112,DG165NA,6.051951864387347,713.0,9
113,DG20UJ,-0.3553048846691862,362.0,4
114,DG28BY,0.07359290162284654,422.0,5
115,DG29BH,-1.5957645642257554,207.0,2
116,DG35AA,-1.9887654585094903,164.0,2
117,DG46BT,-0.20221735843033473,381.0,5
118,DG54AZ,-2.628826097381468,103.0,1
119,DG64BJ,-0.8845111897358445,288.0,3
120,DG73EE,1.1396363845172373,543.0,7
121,DG73RN,0.7898023657097384,506.0,6
122,DG80PU,1.1346114993007932,541.0,7
123,DG86NR,2.2235148959001565,615.0,8
124,DG88PS,1.0738907510126368,531.0,7
125,DG97DW,-0.9893495332821944,272.0,3
126,DG99DP,2.378730055179711,625.0,8
127,DG99QQ,0.6201295646894349,488.0,6
128,EH104EY,1.1591969396000257,545.0,7
129,EH104RP,2.75440003939521,642.0,8
130,EH105ER,3.3463298567222344,660.0,8
131,EH105HF,6.128733924252227,716.0,9
132,EH106QT,2.1742732686701847,609.0,8
133,EH112JL,1.7135891809468915,588.0,7
134,EH113RA,0.8161632224705605,509.0,6
135,EH114AU,-1.2013833855385914,246.0,3
136,EH11NA,11.494733375130041,736.0,9
137,EH125QX,0.7873137497694204,505.0,6
138,EH125SS,0.4363056858536231,471.0,6
139,EH127TB,2.027780795119809,602.0,8
140,EH127UN,1.2543885889318935,554.0,7
141,EH128XP,0.32770288013026383,455.0,6
142,EH130LB,3.083515723975219,650.0,8
143,EH139AF,3.3376676824818627,659.0,8
144,EH141NQ,0.2088062633232649,436.0,5
145,EH143JF,-0.037288630248037136,404.0,5
146,EH144AS,-2.0368044004160537,155.0,2
147,EH145QB,0.9995232243222093,525.0,7
148,EH151NY,0.10640666689148681,427.0,5
149,EH153LL,3.685564365615926,674.0,9
150,EH164DT,-1.452703685127893,222.0,3
151,EH165HQ,0.43479689169096164,470.0,6
152,EH165QU,-0.9865924240348894,275.0,3
153,EH165TY,0.22547438577952256,439.0,5
154,EH166JT,1.1200416478550332,537.0,7
155,EH166RN,-0.5616677556220022,330.0,4
156,EH177AB,0.8297733075408499,511.0,6
157,EH177PR,-0.06256452126077938,400.0,5
158,EH192ET,-0.9766327858015048,276.0,3
159,EH209LA,-1.1992879873048448,247.0,3
160,EH217BP,1.5659868156543235,576.0,7
161,EH221AP,1.2642629381601413,555.0,7
162,EH221LX,-1.87945947471631,180.0,2
163,EH224AA,-1.289999235788358,238.0,3
164,EH234TP,0.5995282066309418,487.0,6
165,EH259NT,1.4740917286630766,566.0,7
166,EH268EZ,3.626620162243792,671.0,9
167,EH268LF,2.6765516615561067,639.0,8
168,EH288RH,-2.327965413713312,123.0,1
169,EH299AS,-2.6365793050509483,102.0,1
170,EH309HA,0.21792687167518957,437.0,5
171,EH312HP,1.6185310087474332,583.0,7
172,EH320JU,3.1895845960675024,654.0,8
173,EH329QS,-3.176946322225266,62.0,0
174,EH332JX,0.8660140530706616,516.0,6
175,EH355AB,1.086480926528396,532.0,7
176,EH35EU,3.531380802277524,667.0,9
177,EH36EH,1.0003828475558025,526.0,7
178,EH375PP,-0.6814584612889367,314.0,4
179,EH37EB,3.8687950422297694,678.0,9
180,EH394PU,2.337999364881474,621.0,8
181,EH39HW,4.077769866369272,683.0,9
182,EH39QQ,-0.25315561728165514,376.0,5
183,EH403DP,4.171905825265014,687.0,9
184,EH413NF,1.1858234448881453,547.0,7
185,EH421EE,-0.44209986424613396,346.0,4
186,EH43TH,0.5728204754433295,483.0,6
187,EH446QE,1.584715628868942,580.0,7
188,EH44PL,-2.2887229244397473,130.0,1
189,EH458JG,2.374501137920983,624.0,8
190,EH45BP,-0.9222584893820653,284.0,3
191,EH467EX,4.908869671381553,699.0,9
192,EH46NS,2.35949289494632,622.0,8
193,EH470SD,-1.9264849907340347,170.0,2
194,EH477LL,-0.09226593953830492,398.0,5
195,EH479JD,0.43857533412635635,472.0,6
196,EH47NX,-1.2409119024072903,244.0,3
197,EH482SS,0.239066471010563,444.0,6
198,EH483QB,-2.8077383859814513,89.0,1
199,EH483SS,0.22552113148769945,440.0,5
200,EH497ER,2.015527243563434,601.0,8
201,EH510DQ,0.5598136905230062,479.0,6
202,EH519UE,-3.010342619299203,77.0,1
203,EH525LH,-0.44914017846011156,344.0,4
204,EH52LY,-1.8407742376930112,183.0,2
205,EH530EW,-0.20872413618099028,380.0,5
206,EH53AH,-1.608040158392038,205.0,2
207,EH53EL,-0.06065261821699949,401.0,5
208,EH545DY,-3.563494057723669,40.0,0
209,EH546QQ,-0.8476283586844704,295.0,3
210,EH546TP,-3.6945566320505683,32.0,0
211,EH548PY,-0.5922070920508803,326.0,4
212,EH549JZ,3.609177955105962,669.0,9
213,EH558EJ,-1.1889592495325287,250.0,3
214,EH64EG,1.5673652766178576,578.0,7
215,EH64NY,-2.9073197064088276,84.0,1
216,EH65JA,-0.507504669395529,340.0,4
217,EH66TL,-0.21565877129837419,377.0,5
218,EH68BW,0.22064961977334496,438.0,5
219,EH68HQ,3.1233508296744166,652.0,8
220,EH74AT,-1.7285876870538002,194.0,2
221,EH75EG,0.8846620917460155,519.0,7
222,EH76RU,0.6727853052029473,490.0,6
223,EH76UJ,1.7872050363971383,592.0,8
224,EH87RX,2.2855997635442415,618.0,8
225,EH89AL,0.5715836926649756,482.0,6
226,EH89DX,0.6862245239357394,492.0,6
227,EH89RD,1.2092190946258334,549.0,7
228,EH89RU,1.3253650999932614,557.0,7
229,EH91AG,0.403838450298548,467.0,6
230,EH91JA,6.492414033809279,720.0,9
231,EH91JZ,1.963558063944121,600.0,8
232,FK103JQ,-2.7155985755902594,92.0,1
233,FK104JA,-1.2732351145796237,240.0,3
234,FK11BA,-2.0142551859273747,160.0,2
235,FK125BD,0.2747827547036139,446.0,6
236,FK136AG,-0.6307508078397444,319.0,4
237,FK13EZ,-2.3719991343879783,121.0,1
238,FK147AA,-2.1648162760393945,140.0,1
239,FK14PP,1.6406042402408465,585.0,7
240,FK159AL,2.141076557937403,607.0,8
241,FK15SU,-1.5994082006998733,206.0,2
242,FK166DU,1.1025967656708295,534.0,7
243,FK178LX,2.4953848595221166,628.0,8
244,FK20XF,-0.2770759851393046,374.0,5
245,FK218TQ,0.3527779333218186,462.0,6
246,FK27AZ,-0.8529325681681117,294.0,3
247,FK27ES,-2.0553799963847577,151.0,2
248,FK27HR,-0.7931968117033433,303.0,4
249,FK27TA,-4.393141127740083,14.0,0
250,FK38AN,0.7352553195861711,496.0,6
251,FK41ED,-0.02834093594160403,406.0,5
252,FK53BB,0.043031263141117326,421.0,5
253,FK54HT,-2.5824259891347685,105.0,1
254,FK66DB,0.037355775069584374,419.0,5
255,FK66GD,-1.0667249126746547,263.0,3
256,FK70HW,1.3346531289760546,558.0,7
257,FK77JD,0.5675078152695502,481.0,6
258,FK78DW,0.3740663071192539,464.0,6
259,FK81PH,-2.2108651257173055,137.0,1
260,FK82AU,0.5263733599873048,477.0,6
261,FK82QD,1.3490892392561706,560.0,7
262,FK83DZ,2.88725706963148,645.0,8
263,FK83NB,1.5880249866602398,582.0,7
264,FK94EU,6.096129073902037,715.0,9
265,FK94NJ,-3.6850319518295405,33.0,0
266,FK94SW,-6.339915798062436,5.0,0
267,G115LL,2.301920668146204,619.0,8
268,G115NG,-0.1449487903117172,385.0,5
269,G115PE,-2.9323581887525245,82.0,1
270,G117AD,-1.8203715175997883,187.0,2
271,G117SY,-0.919731276020153,285.0,3
272,G128ED,-0.11497030485154236,392.0,5
273,G128ND,-0.5248928148535308,337.0,4
274,G128SP,-1.426592947303384,224.0,3
275,G129JE,2.0471208391350717,603.0,8
276,G129LD,0.0021368388496573187,415.0,5
277,G129PN,-0.14241200081684902,386.0,5
278,G131JE,-3.1486963236356216,66.0,0
279,G132SW,-3.0903065164683925,70.0,0
280,G132UP,-0.32302012505551336,368.0,4
281,G134PU,1.566266569654323,577.0,7
282,G140EA,1.244989407479822,552.0,7
283,G140NT,-4.147389462142491,17.0,0
284,G140XT,-1.9382414728595667,168.0,2
285,G149DR,0.014188582342976375,416.0,5
286,G149PS,-0.9306789166079215,281.0,3
287,G149SS,-1.5595910564197615,210.0,2
288,G149UT,-0.626889366737449,320.0,4
289,G149UU,8.008221068236729,731.0,9
290,G149XL,-1.360321112607129,229.0,3
291,G156EG,-3.546745953777171,42.0,0
292,G157TS,-2.1550896770936925,142.0,1
293,G206HS,-3.2099920808675853,61.0,0
294,G207ER,-0.4075010933618548,352.0,4
295,G208FB,-3.296837546993189,56.0,0
296,G211TR,-3.040102113928324,72.0,0
297,G213RW,-3.7233329414410665,31.0,0
298,G214AH,-2.3721354611607874,120.0,1
299,G225AP,-2.2070852562293197,138.0,1
300,G225SS,-3.891347224062683,26.0,0
301,G226BD,-0.40393694266744423,353.0,4
302,G227JL,-3.2508492190888574,58.0,0
303,G311QS,0.11830112886006527,428.0,5
304,G312ES,-3.115916669340662,68.0,0
305,G312XE,0.22810516492929514,443.0,6
306,G313BP,1.0674155815069433,529.0,7
307,G314UW,-2.1411666045170192,144.0,1
308,G315BA,-2.663864434656474,97.0,1
309,G315RA,-0.5986372526794072,325.0,4
310,G326JP,-0.8016466478876342,300.0,4
311,G326NB,-1.850625764185522,182.0,2
312,G327JZ,-2.5259163837949687,107.0,1
313,G328UH,-3.9479399109769555,23.0,0
314,G331EY,-3.319966211292507,53.0,0
315,G333AL,-5.510309261199751,7.0,0
316,G333TU,-2.6422659618475555,101.0,1
317,G336EY,-0.9532501874505512,278.0,3
318,G336HA,-2.1927215668460294,139.0,1
319,G349HQ,-3.934895511765369,25.0,0
320,G37UA,-0.6023538334857138,324.0,4
321,G38ND,-2.6498304555631003,99.0,1
322,G401HA,-4.815677709158944,12.0,0
323,G402DA,-0.5076367764053675,339.0,4
324,G403LJ,1.480052301821257,567.0,7
325,G40UP,-7.513417169835724,2.0,0
326,G411HU,-3.610706425982789,36.0,0
327,G411NX,2.2654813243560077,617.0,8
328,G413PT,-1.7446798538232784,191.0,2
329,G413RG,-3.445635882288342,47.0,0
330,G413UJ,-0.9264111701786216,282.0,3
331,G413YA,-0.12940935794897043,389.0,5
332,G413YT,-2.010637223922081,162.0,2
333,G415RU,0.5672101427976555,480.0,6
334,G420EH,-4.2726550276934985,15.0,0
335,G427AF,-3.66250336520094,35.0,0
336,G427DR,-2.4631875732624584,112.0,1
337,G428QD,-0.5626924284072246,329.0,4
338,G429JT,-0.004808116517007466,412.0,5
339,G429LQ,-2.4160543158282413,114.0,1
340,G431RR,-0.4555125325308682,343.0,4
341,G443DH,-2.409963828133234,115.0,1
342,G444JE,-1.1312888135147445,252.0,3
343,G445DQ,-1.2036456398389692,245.0,3
344,G445JT,-3.0476871346414036,71.0,0
345,G459AW,-4.140492132909774,18.0,0
346,G468DH,0.9063356152382407,521.0,7
347,G468NY,-3.0343207365059635,73.0,0
348,G49BL,-0.3473421998391959,363.0,4
349,G511AT,-1.0642736422881105,264.0,3
350,G511HS,-0.05137721586768823,402.0,5
351,G511RN,1.2478154631840983,553.0,7
352,G511SL,-2.4018263879524255,116.0,1
353,G514BJ,-3.508429629053275,44.0,0
354,G522AZ,-1.3118648284746608,237.0,3
355,G523QN,-3.4703410042878673,45.0,0
356,G523SS,-1.6189043204010423,202.0,2
357,G535QD,-1.6581300238403873,199.0,2
358,G536EQ,-3.220377196303297,59.0,0
359,G537FY,-5.140273557464744,9.0,0
360,G59AB,-2.3160317760752904,125.0,1
361,G59RP,-2.2744391775390516,133.0,1
362,G605JG,-0.7453186450184599,306.0,4
363,G612DN,2.6689023660261424,638.0,8
364,G612SY,-0.04979865372441705,403.0,5
365,G613RD,1.136614171026181,542.0,7
366,G626BT,-1.5445303405104682,211.0,2
367,G628BT,-1.0834606385729082,258.0,3
368,G630DP,-0.3305824832452009,366.0,4
369,G630TS,-1.540356390286182,212.0,2
370,G639EG,-0.1576800675319684,383.0,5
371,G639NA,-1.3792351395953069,227.0,3
372,G641NF,-2.7297888089917635,91.0,1
373,G641PJ,-0.8901963204445351,287.0,3
374,G642AA,4.592406695326459,692.0,9
375,G659JE,-0.42368731736342713,349.0,4
376,G661DH,-3.461708041650762,46.0,0
377,G661DN,-0.5455278798187705,334.0,4
378,G661JB,-1.3158844270778418,236.0,3
379,G661NH,-0.7488865883634583,305.0,4
380,G663BF,-0.9874057664644313,274.0,3
381,G667JJ,-0.7791853797741547,304.0,4
382,G671BJ,-2.7937490976682504,90.0,1
383,G671BP,-0.11118854524526661,393.0,5
384,G672ES,-2.852878188831208,86.0,1
385,G673BE,1.2787726528470618,556.0,7
386,G674DN,-0.7055866187925334,312.0,4
387,G697AD,-1.1163085062123335,254.0,3
388,G699DW,-0.35567335222206264,360.0,4
389,G715RR,-0.21211485945646977,379.0,5
390,G715SU,0.2540851145336178,445.0,6
391,G717NE,-1.4539731064616779,221.0,2
392,G718ET,-0.30432518571098094,369.0,4
393,G720BS,-0.4430872591688041,345.0,4
394,G727EX,3.2879242620175013,658.0,8
395,G728AT,-5.05366691429055,11.0,0
396,G728HA,-2.2226923873790607,136.0,1
397,G728RW,-0.09731069255649227,396.0,5
398,G732LD,-6.575594148873172,4.0,0
399,G732PQ,-0.8151019081551987,299.0,4
400,G741AD,-0.7942091689491293,302.0,4
401,G743BE,-0.39054736267859325,355.0,4
402,G750RT,-1.8055021397690607,188.0,2
403,G767BU,3.463839741643095,664.0,9
404,G767BX,-1.4672745011699733,217.0,2
405,G767HN,1.0024201315088983,527.0,7
406,G767NW,0.00038413259883024464,414.0,5
407,G775BQ,-1.0696507677617089,261.0,3
408,G775LU,-3.9909996479203764,22.0,0
409,G776GR,0.48291713908935896,473.0,6
410,G781SW,-3.00861522993343,78.0,1
411,G783HJ,0.5861773249824784,485.0,6
412,G811BS,-2.0464994246378705,152.5,2
413,G812TQ,-2.0464994246378705,152.5,2
414,G821PW,-0.3445468734293576,364.0,4
415,G830NB,1.8480001652482663,597.0,8
416,G830UA,-2.6590798821326396,98.0,1
417,G830UE,0.6293111619495553,489.0,6
418,G837AE,3.406323578488328,663.0,8
419,G840JL,1.3541513978505242,561.0,7
420,G840SL,2.5029579486568916,630.0,8
421,G847QL,-1.2715057879011167,241.0,3
422,HS12PS,-0.37756028721835033,356.0,4
423,HS12XB,-0.5467538993314813,333.0,4
424,HS29JP,2.5933964969060384,635.0,8
425,HS33BG,3.221216112007065,656.0,8
426,HS53UA,3.467512135262612,665.0,9
427,HS65AE,0.8479097910773449,514.0,6
428,HS75QA,0.16380918266649713,432.0,5
429,HS85SS,3.769922893879628,676.0,9
430,HS95XD,0.745369927346935,499.0,6
431,IV108SY,-2.025401634682113,156.0,2
432,IV118YF,-0.30361044967971074,370.0,5
433,IV125EE,-0.7223025982932854,310.0,4
434,IV149AG,-2.153692028404661,143.0,1
435,IV159QS,-1.6178622523643713,203.0,2
436,IV170UN,-2.0571938793076314,150.0,2
437,IV191EU,-1.1963825640372876,249.0,3
438,IV222EZ,8.080421272765442,733.0,9
439,IV222HU,1.8778104783564835,598.0,8
440,IV23BG,-0.9995696865241157,271.0,3
441,IV23NF,-1.0162862479501422,270.0,3
442,IV23PF,-7.432917136668277,3.0,0
443,IV243EP,4.449203837429876,691.0,9
444,IV24AG,0.8017269026331147,507.0,6
445,IV24TP,-2.2450864522108143,135.0,1
446,IV24XA,1.5159018123538546,571.0,7
447,IV253LS,4.603755116829903,693.0,9
448,IV262XL,-3.553683243886021,41.0,0
449,IV26YB,2.9746188992927047,646.0,8
450,IV274DD,7.0435264806054345,725.0,9
451,IV274JZ,1.0662214288227063,528.0,7
452,IV274RP,3.1805329655070427,653.0,8
453,IV274XB,3.817181917336809,677.0,9
454,IV27LL,-2.499193750756242,110.0,1
455,IV301AT,0.3207217880795457,451.0,6
456,IV306GQ,-2.30982776167095,126.0,1
457,IV316TU,-0.7095489453384677,311.0,4
458,IV327EP,5.039715793249227,702.0,9
459,IV35PW,-2.9111126062213835,83.0,1
460,IV361JG,0.4986181723206858,475.0,6
461,IV38HH,-2.0171268924594874,157.0,2
462,IV38PB,-3.4448455987966375,48.0,0
463,IV408AE,-2.6451491088988757,100.0,1
464,IV408JD,0.6786017659142387,491.0,6
465,IV478ST,2.208783836667547,611.0,8
466,IV47DJ,-2.5071391123364855,109.0,1
467,IV47EA,-1.8361073076450491,184.0,2
468,IV499AA,3.367339442730601,662.0,8
469,IV519BZ,-2.472638460412848,111.0,1
470,IV548LS,-2.3243415033967345,124.0,1
471,IV548YD,2.715014907493241,640.0,8
472,IV558GU,-1.3333046146925187,233.0,3
473,IV636UL,-3.6645182774604503,34.0,0
474,IV88NG,-2.5304313649282117,106.0,1
475,KA106BQ,-0.20119383545364294,382.0,5
476,KA106QR,-0.297208276069288,372.0,5
477,KA111JU,-3.0174835155081396,75.0,1
478,KA11RU,3.6639027258371195,672.0,9
479,KA120AY,-1.5337471427432443,213.0,2
480,KA128TJ,-0.8744475512839488,292.0,3
481,KA129DY,-3.1666026076191414,64.0,0
482,KA12BD,-1.3279558609805822,235.0,3
483,KA12DJ,1.790505180378169,593.0,8
484,KA12DL,-0.014229538558132249,410.0,5
485,KA136BL,-0.35540488998939757,361.0,4
486,KA136EH,-0.7415355749342444,307.0,4
487,KA152AE,0.5370039247346626,478.0,6
488,KA170HD,-2.2931300975341955,129.0,1
489,KA181BF,-1.6704660830139757,197.0,2
490,KA182AY,-1.4357362455301892,223.0,3
491,KA184BA,-3.792042851379729,28.0,0
492,KA197BY,1.0871886415757395,533.0,7
493,KA203AB,-1.4662651842467134,218.0,2
494,KA20LE,0.8705793587899866,517.0,7
495,KA215LX,-0.5598973995763639,331.0,4
496,KA227DX,-0.09623135455016621,397.0,5
497,KA228BS,-0.21288323029774953,378.0,5
498,KA244AF,2.623182939220962,637.0,8
499,KA256HS,-3.3205568868156172,52.0,0
500,KA260NB,0.7336758686068447,495.0,6
501,KA269HQ,-1.7342388621316895,193.0,2
502,KA269SH,0.776319507211759,503.0,6
503,KA278NS,3.0735317879021213,649.0,8
504,KA280DE,-1.823931594182995,186.0,2
505,KA29HF,4.1307714902429815,685.0,9
506,KA308LH,-1.0671852047660106,262.0,3
507,KA35BP,-1.913912805939188,175.0,2
508,KA37AE,1.459106412537774,565.0,7
509,KA48HW,0.133259735076957,429.0,5
510,KA56RU,-2.264731191841157,134.0,1
511,KA66AB,-8.148222028044655,1.0,0
512,KA67AY,-3.2988746299955665,55.0,0
513,KA67LX,-2.695911493729138,94.0,1
514,KA67QL,-0.32623222156734544,367.0,4
515,KA71BJ,-1.6332807964917757,201.0,2
516,KA71UL,-0.8801168507937893,290.0,3
517,KA71UQ,-3.60835916904419,38.0,0
518,KA72AQ,-0.5235727313785539,338.0,4
519,KA72DF,-0.33571541771779767,365.0,4
520,KA73PR,-4.535072589996115,13.0,0
521,KA88DD,-2.1256476541142115,145.0,1
522,KA91AQ,-1.6096053794318923,204.0,2
523,KA91AW,-1.524596373278674,214.0,2
524,KW106TH,-0.021396213355785093,408.0,5
525,KW147AR,4.757831017293925,697.0,9
526,KW147DH,4.952361171125907,700.0,9
527,KW147SA,5.668115479185059,708.0,9
528,KW148TY,7.633467686807355,728.0,9
529,KW151NZ,1.1806118351745107,546.0,7
530,KW15EL,-0.7957680868275567,301.0,4
531,KW163AD,-2.0457663210676498,154.0,2
532,KW172HH,6.521117333990183,721.0,9
533,KW172PU,2.723851948284152,641.0,8
534,KW172SN,3.616884795255653,670.0,9
535,KW36BQ,6.085598020287318,714.0,9
536,KW66EZ,2.2121618794476676,612.0,8
537,KW96QJ,-1.419975915315021,226.0,3
538,KY102LG,-0.36051536876023593,358.0,4
539,KY103FF,-0.7343438746042558,308.0,4
540,KY111NU,-1.8954726842454286,179.0,2
541,KY112SE,-0.5685549358813508,327.0,4
542,KY112ZL,0.8798366719926756,518.0,7
543,KY113BA,2.850101735576099,644.0,8
544,KY113ED,-1.6552801143884617,200.0,2
545,KY114JW,-0.4114494832746529,350.0,4
546,KY114LT,-2.6784517535632593,95.0,1
547,KY114TF,-2.280702623512778,132.0,1
548,KY11ER,1.8091393029356997,594.0,8
549,KY11PH,-3.015661606190465,76.0,1
550,KY120AE,-1.9303632279926364,169.0,2
551,KY120BL,-0.09847122596538646,395.0,5
552,KY128SJ,2.4631567882921646,627.0,8
553,KY129QH,-1.9612882711696318,167.0,2
554,KY12NA,-1.4879848706254433,216.0,2
555,KY12PG,-4.2487781314059925,16.0,0
556,KY138FP,1.5873684872522116,581.0,7
557,KY146DA,-0.4998115743726642,341.0,4
558,KY147AW,-2.0702017795554553,148.0,1
559,KY154JN,-0.962528171896745,277.0,3
560,KY157JS,0.3726623721572811,463.0,6
561,KY160DZ,0.5174481359588808,476.0,6
562,KY168AR,-1.2605381302384742,243.0,3
563,KY25RB,-0.43261021989456294,347.0,4
564,KY39DF,-1.0558217235557374,265.0,3
565,KY39RT,1.13274395883566,540.0,7
566,KY40AE,-4.116844480430378,19.0,0
567,KY48DF,-2.5865398957861037,104.0,1
568,KY49DH,-1.9259771693542151,171.0,2
569,KY50JE,-1.9740577382230473,166.0,2
570,KY58DA,-1.3424355719751593,232.0,3
571,KY59QZ,0.028854795537725186,417.0,5
572,KY61HL,0.09482889819345217,426.0,5
573,KY63LQ,-3.2516516981850025,57.0,0
574,KY74AQ,-3.092569014197498,69.0,0
575,KY74RH,-3.349010545112721,51.0,0
576,KY76ER,0.30356719343606,450.0,6
577,KY76SX,-0.027116485458014816,407.0,5
578,KY81HJ,-3.603203070845787,39.0,0
579,KY81HU,-1.5662434728415344,208.5,2
580,KY83HR,-1.5662434728415344,208.5,2
581,KY83RS,-3.3111119164042133,54.0,0
582,KY85JZ,-2.947009083257723,81.0,1
583,ML106AS,-1.668444723258171,198.0,2
584,ML110DB,0.34955149470026936,460.0,6
585,ML110PX,0.33496903679410966,457.0,6
586,ML117DH,-2.0154697608036742,159.0,2
587,ML118AJ,0.8530735139879323,515.0,6
588,ML118HJ,2.499901914102155,629.0,8
589,ML119SB,1.5659776596595343,575.0,7
590,ML11TA,-0.5453925545786017,335.0,4
591,ML11TB,-3.2173133616844267,60.0,0
592,ML126BE,-0.29827351270964203,371.0,5
593,ML12PJ,-0.5269790606629213,336.0,4
594,ML13JX,-0.40308470687018305,354.0,4
595,ML14LT,-1.047969153444826,266.0,3
596,ML14TH,1.7849095451089478,591.0,8
597,ML15AG,-1.5230023143205527,215.0,2
598,ML15JU,-1.3451355578114599,231.0,3
599,ML27LP,-2.2958805884428295,127.0,1
600,ML29AX,0.29691764506958074,449.0,6
601,ML30DR,1.0714682420692432,530.0,7
602,ML30NQ,-2.8116850266487314,88.0,1
603,ML37EN,3.3582012220350395,661.0,8
604,ML37JY,-0.6495851600763267,317.0,4
605,ML37QQ,-0.6373208058328259,318.0,4
606,ML38AA,0.1729465191135066,434.0,5
607,ML39AQ,-2.2937819810376983,128.0,1
608,ML39TZ,-0.3666640867010351,357.0,4
609,ML41DQ,-1.3490551080056215,230.0,3
610,ML41PS,-3.8326026116931677,27.0,0
611,ML41QD,0.9379097327453628,524.0,7
612,ML52RY,2.1276834286652764,606.0,8
613,ML53AP,-1.424645500819448,225.0,3
614,ML53BJ,0.3238684393256913,453.0,6
615,ML54BY,-0.13458921502455812,388.0,5
616,ML66DB,-1.07748567621121,259.0,3
617,ML68SR,-0.9193631052539923,286.0,3
618,ML74AR,-3.781969816444579,29.0,0
619,ML74DS,-4.038467989931055,20.0,0
620,ML75DS,-3.3584552861750208,50.0,0
621,ML75QE,-0.8696846490014286,293.0,3
622,ML84BA,-3.60977589991561,37.0,0
623,ML91EX,1.8354240196066405,595.0,8
624,ML91RJ,0.5774177397346135,484.0,6
625,ML92BJ,0.8199891781852281,510.0,6
626,PA11SU,-3.726957410933255,30.0,0
627,PA11UB,-1.0191903924060328,268.0,3
628,PA124AH,-0.4086390506784021,351.0,4
629,PA12PS,-3.9927175979198286,21.0,0
630,PA134AP,0.588613251079904,486.0,6
631,PA134LE,-0.15334169197078265,384.0,5
632,PA13QS,-0.925529905504146,283.0,3
633,PA145EW,-0.7252510943496139,309.0,4
634,PA145UD,-2.379899890523629,119.0,1
635,PA154DG,-2.6639153464784484,96.0,1
636,PA154NH,-1.466213142792212,219.0,2
637,PA168HW,-1.0479646643859177,267.0,3
638,PA175AR,2.390678656269522,626.0,8
639,PA191AQ,0.2074772325188774,435.0,5
640,PA209JL,0.40400494372276985,468.0,6
641,PA212BE,6.277166300701659,718.0,9
642,PA237HW,1.1401654832827166,544.0,7
643,PA238BG,-1.9007613855824503,178.0,2
644,PA238SE,7.6940739714728945,729.0,9
645,PA248AQ,0.3417546008519472,458.0,6
646,PA26LR,-0.1418809491460632,387.0,5
647,PA26LW,-2.392493757261107,117.0,1
648,PA278BX,1.126119760866161,539.0,7
649,PA286AT,2.200470542743347,610.0,8
650,PA286QG,0.9101332150257604,522.0,7
651,PA28DX,-0.9523145706767788,279.0,3
652,PA296TY,-3.1629249484799775,65.0,0
653,PA296XD,-2.894305050716688,85.0,1
654,PA318JZ,-0.03254877824104985,405.0,5
655,PA31NT,2.04806755211571,604.0,8
656,PA328XN,4.429514701639745,689.0,9
657,PA32DY,0.0771617547964305,423.0,5
658,PA32HQ,-1.0700900301654221,260.0,3
659,PA33DB,-2.3456747892321896,122.0,1
660,PA344HE,-1.7574254154373818,190.0,2
661,PA344TL,4.663089834351929,695.0,9
662,PA34AD,-1.9023979478656505,177.0,2
663,PA371PH,4.437200876507587,690.0,9
664,PA384DE,5.66977005389978,709.0,9
665,PA427DR,3.4995986042782445,666.0,9
666,PA437JD,6.8922854383756516,722.0,9
667,PA487UD,5.248788217183206,705.0,9
668,PA48RU,-1.2624013311278155,242.0,3
669,PA58EY,-3.427421737060742,49.0,0
670,PA58PZ,-1.2747638368044387,239.0,3
671,PA58SL,-0.8825056609589612,289.0,3
672,PA58SU,-2.9910051530674973,79.0,1
673,PA607XG,-3.537499505533567,43.0,0
674,PA617YW,6.901813487910406,723.0,9
675,PA67AR,0.04026037014592021,420.0,5
676,PA756PN,6.187849535979717,717.0,9
677,PA75AW,-0.42925013280546365,348.0,4
678,PA776UN,4.10126719622727,684.0,9
679,PA786SY,2.0993327964181328,605.0,8
680,PA805XT,3.6660994710689954,673.0,9
681,PA86BS,2.563493660073719,631.0,8
682,PA87AF,0.8371611175540763,512.0,6
683,PA87JQ,-2.3891044712895906,118.0,1
684,PH106BT,1.730475873515892,589.0,7
685,PH106EF,0.3489296257832728,459.0,6
686,PH118EQ,-0.8757656315722611,291.0,3
687,PH11NU,1.2413343636319434,551.0,7
688,PH11PP,-0.5675336679708343,328.0,4
689,PH139DD,0.28148097924580806,447.0,6
690,PH14NN,1.408455049862669,563.0,7
691,PH152BL,3.018130607977134,648.0,8
692,PH15PD,1.5315132839999277,572.0,7
693,PH165FG,0.7460470380968346,500.0,6
694,PH201AH,0.3224344516546406,452.0,6
695,PH20JB,-0.680838531343542,315.0,4
696,PH211ET,1.710782036915862,586.0,7
697,PH221SY,0.15036921683889443,430.0,5
698,PH263HR,1.1997201065150414,548.0,7
699,PH27TD,5.138288963427871,704.0,9
700,PH28HH,-0.6172748611793246,322.0,4
701,PH31JH,2.605013432068893,636.0,8
702,PH324DR,3.258170893592543,657.0,8
703,PH337AQ,-1.7863180802485634,189.0,2
704,PH364JU,5.834056779190941,710.0,9
705,PH414RN,5.868974632787853,711.0,9
706,PH424RL,10.389578867683177,735.0,9
707,PH494JB,6.360343386416827,719.0,9
708,PH504QU,4.747973147621799,696.0,9
709,PH62LW,2.3363771701615645,620.0,8
710,PH73SA,-0.10470656822066446,394.0,5
711,PH80AD,-1.3319538038027985,234.0,3
712,TD106XJ,3.922437543515132,679.0,9
713,TD113EL,0.6980625705114044,493.0,6
714,TD113XP,2.2557099374024214,616.0,8
715,TD11PF,5.040245449933507,703.0,9
716,TD124LQ,2.572983550559939,632.0,8
717,TD12SQ,4.783145592115511,698.0,9
718,TD12UA,-0.619359630556841,321.0,4
719,TD145DD,4.0251875527699505,682.0,9
720,TD46DW,4.6097318142322665,694.0,9
721,TD57LF,1.124453490674017,538.0,7
722,TD60PP,0.7699173135604853,502.0,6
723,TD74LJ,4.207853549486341,688.0,9
724,TD86EN,4.020721546354244,681.0,9
725,TD90RU,1.4964662801431121,568.0,7
726,TD99DT,1.7108704266547086,587.0,7
727,TD99HU,2.2223507011104324,614.0,8
728,ZE10RB,2.9862210425359668,647.0,8
729,ZE10TN,0.6990273549238832,494.0,6
730,ZE29AE,8.346595285341582,734.0,9
731,ZE29BX,8.011033727149961,732.0,9
732,ZE29DY,7.434884397898461,726.0,9
733,ZE29HX,3.9835025866884743,680.0,9
734,ZE29NA,5.887274825130414,712.0,9
735,ZE29QJ,6.934757050282746,724.0,9
736,ZE29RW,1.3830957754954654,562.0,7
